,before_days,average_count,num,SVVD,FLOW
0,0.0,0.0,large,IC10-QNV-151 S,新港_南沙
1,1.0,0.0,large,IC10-QNV-151 S,新港_南沙
2,2.0,0.0,large,IC10-QNV-151 S,新港_南沙
3,3.0,0.0,large,IC10-QNV-151 S,新港_南沙
4,4.0,0.0,large,IC10-QNV-151 S,新港_南沙
5,5.0,0.0,large,IC10-QNV-151 S,新港_南沙
6,6.0,0.0,large,IC10-QNV-151 S,新港_南沙
7,7.0,0.0,large,IC10-QNV-151 S,新港_南沙
8,9.0,283.97727272727275,large,IC10-QNV-151 S,新港_南沙
9,14.0,264.8863636363636,large,IC10-QNV-151 S,新港_南沙
10,15.0,785.4954545454547,large,IC10-QNV-151 S,新港_南沙
0,0.0,0.0,large,IC10-R27-061 S,新港_南沙
1,1.0,0.0,large,IC10-R27-061 S,新港_南沙
2,2.0,0.0,large,IC10-R27-061 S,新港_南沙
3,3.0,548.8636363636364,large,IC10-R27-061 S,新港_南沙
4,4.0,192.62727272727273,large,IC10-R27-061 S,新港_南沙
5,5.0,0.0,large,IC10-R27-061 S,新港_南沙
6,6.0,0.0,large,IC10-R27-061 S,新港_南沙
7,7.0,0.0,large,IC10-R27-061 S,新港_南沙
8,8.0,173.53636363636363,large,IC10-R27-061 S,新港_南沙
9,9.0,740.67,large,IC10-R27-061 S,新港_南沙
10,14.0,264.8863636363636,large,IC10-R27-061 S,新港_南沙
11,15.0,785.4954545454547,large,IC10-R27-061 S,新港_南沙
0,0.0,0.0,large,IC10-R3N-080 S,新港_南沙
1,1.0,0.0,large,IC10-R3N-080 S,新港_南沙
2,2.0,0.0,large,IC10-R3N-080 S,新港_南沙
3,3.0,548.8636363636364,large,IC10-R3N-080 S,新港_南沙
4,4.0,192.62727272727273,large,IC10-R3N-080 S,新港_南沙
5,5.0,0.0,large,IC10-R3N-080 S,新港_南沙
6,6.0,0.0,large,IC10-R3N-080 S,新港_南沙
7,7.0,0.0,large,IC10-R3N-080 S,新港_南沙
8,8.0,173.53636363636363,large,IC10-R3N-080 S,新港_南沙
9,9.0,740.67,large,IC10-R3N-080 S,新港_南沙
10,10.0,0.0,large,IC10-R3N-080 S,新港_南沙
11,11.0,1160.8227272727272,large,IC10-R3N-080 S,新港_南沙
12,14.0,264.8863636363636,large,IC10-R3N-080 S,新港_南沙
13,15.0,785.4954545454547,large,IC10-R3N-080 S,新港_南沙
0,0.0,0.0,large,IC10-QB3-055 S,新港_南沙
1,1.0,0.0,large,IC10-QB3-055 S,新港_南沙
2,2.0,0.0,large,IC10-QB3-055 S,新港_南沙
3,3.0,548.8636363636364,large,IC10-QB3-055 S,新港_南沙
4,4.0,192.62727272727273,large,IC10-QB3-055 S,新港_南沙
5,5.0,0.0,large,IC10-QB3-055 S,新港_南沙
6,6.0,0.0,large,IC10-QB3-055 S,新港_南沙
7,7.0,506.93522727272733,large,IC10-QB3-055 S,新港_南沙
8,8.0,760.5818181818181,large,IC10-QB3-055 S,新港_南沙
9,9.0,1194.7759090909092,large,IC10-QB3-055 S,新港_南沙
10,10.0,192.62727272727273,large,IC10-QB3-055 S,新港_南沙
11,11.0,1160.8227272727272,large,IC10-QB3-055 S,新港_南沙
12,14.0,264.8863636363636,large,IC10-QB3-055 S,新港_南沙
13,15.0,785.4954545454547,large,IC10-QB3-055 S,新港_南沙
14,17.0,196.9772727272728,large,IC10-QB3-055 S,新港_南沙
15,18.0,245.79545454545453,large,IC10-QB3-055 S,新港_南沙
0,0.0,0.0,large,IC10-Q40-105 S,新港_南沙
1,1.0,0.0,large,IC10-Q40-105 S,新港_南沙
2,2.0,0.0,large,IC10-Q40-105 S,新港_南沙
3,3.0,548.8636363636364,large,IC10-Q40-105 S,新港_南沙
4,4.0,192.62727272727273,large,IC10-Q40-105 S,新港_南沙
5,5.0,0.0,large,IC10-Q40-105 S,新港_南沙
6,6.0,0.0,large,IC10-Q40-105 S,新港_南沙
7,7.0,506.93522727272733,large,IC10-Q40-105 S,新港_南沙
8,8.0,760.5818181818181,large,IC10-Q40-105 S,新港_南沙
9,9.0,1194.7759090909092,large,IC10-Q40-105 S,新港_南沙
10,10.0,192.62727272727273,large,IC10-Q40-105 S,新港_南沙
11,11.0,1160.8227272727272,large,IC10-Q40-105 S,新港_南沙
12,12.0,0.0,large,IC10-Q40-105 S,新港_南沙
13,13.0,192.62727272727273,large,IC10-Q40-105 S,新港_南沙
14,14.0,548.8636363636364,large,IC10-Q40-105 S,新港_南沙
15,15.0,785.4954545454547,large,IC10-Q40-105 S,新港_南沙
16,17.0,196.9772727272728,large,IC10-Q40-105 S,新港_南沙
17,18.0,245.79545454545453,large,IC10-Q40-105 S,新港_南沙
0,0.0,0.0,large,IC10-R3N-081 S,新港_南沙
1,1.0,0.0,large,IC10-R3N-081 S,新港_南沙
2,2.0,0.0,large,IC10-R3N-081 S,新港_南沙
3,3.0,548.8636363636364,large,IC10-R3N-081 S,新港_南沙
4,4.0,192.62727272727273,large,IC10-R3N-081 S,新港_南沙
5,5.0,0.0,large,IC10-R3N-081 S,新港_南沙
6,6.0,0.0,large,IC10-R3N-081 S,新港_南沙
7,7.0,506.93522727272733,large,IC10-R3N-081 S,新港_南沙
8,8.0,3248.7000000000003,large,IC10-R3N-081 S,新港_南沙
9,9.0,1194.7759090909092,large,IC10-R3N-081 S,新港_南沙
10,10.0,192.62727272727273,large,IC10-R3N-081 S,新港_南沙
11,11.0,1160.8227272727272,large,IC10-R3N-081 S,新港_南沙
12,12.0,0.0,large,IC10-R3N-081 S,新港_南沙
13,13.0,486.15,large,IC10-R3N-081 S,新港_南沙
14,14.0,548.8636363636364,large,IC10-R3N-081 S,新港_南沙
15,15.0,785.4954545454547,large,IC10-R3N-081 S,新港_南沙
16,17.0,196.9772727272728,large,IC10-R3N-081 S,新港_南沙
17,18.0,245.79545454545453,large,IC10-R3N-081 S,新港_南沙
0,0.0,0.0,large,IC10-R27-062 S,新港_南沙
1,1.0,0.0,large,IC10-R27-062 S,新港_南沙
2,2.0,0.0,large,IC10-R27-062 S,新港_南沙
3,3.0,548.8636363636364,large,IC10-R27-062 S,新港_南沙
4,4.0,192.62727272727273,large,IC10-R27-062 S,新港_南沙
5,5.0,1614.9954545454545,large,IC10-R27-062 S,新港_南沙
6,6.0,1090.9499999999998,large,IC10-R27-062 S,新港_南沙
7,7.0,506.93522727272733,large,IC10-R27-062 S,新港_南沙
8,8.0,3248.7000000000003,large,IC10-R27-062 S,新港_南沙
9,9.0,1194.7759090909092,large,IC10-R27-062 S,新港_南沙
10,10.0,192.62727272727273,large,IC10-R27-062 S,新港_南沙
11,11.0,1160.8227272727272,large,IC10-R27-062 S,新港_南沙
12,12.0,0.0,large,IC10-R27-062 S,新港_南沙
13,13.0,486.15,large,IC10-R27-062 S,新港_南沙
14,14.0,548.8636363636364,large,IC10-R27-062 S,新港_南沙
15,15.0,785.4954545454547,large,IC10-R27-062 S,新港_南沙
16,17.0,196.9772727272728,large,IC10-R27-062 S,新港_南沙
17,18.0,245.79545454545453,large,IC10-R27-062 S,新港_南沙
0,0.0,0.0,large,IC10-QNV-152 S,新港_南沙
1,1.0,0.0,large,IC10-QNV-152 S,新港_南沙
2,2.0,567.2863636363636,large,IC10-QNV-152 S,新港_南沙
3,3.0,548.8636363636364,large,IC10-QNV-152 S,新港_南沙
4,4.0,495.02727272727276,large,IC10-QNV-152 S,新港_南沙
5,5.0,1614.9954545454545,large,IC10-QNV-152 S,新港_南沙
6,6.0,1090.9499999999998,large,IC10-QNV-152 S,新港_南沙
7,7.0,506.93522727272733,large,IC10-QNV-152 S,新港_南沙
8,8.0,4920.777272727273,large,IC10-QNV-152 S,新港_南沙
9,9.0,1194.7759090909092,large,IC10-QNV-152 S,新港_南沙
10,10.0,192.62727272727273,large,IC10-QNV-152 S,新港_南沙
11,11.0,1160.8227272727272,large,IC10-QNV-152 S,新港_南沙
12,12.0,0.0,large,IC10-QNV-152 S,新港_南沙
13,13.0,486.15,large,IC10-QNV-152 S,新港_南沙
14,14.0,548.8636363636364,large,IC10-QNV-152 S,新港_南沙
15,15.0,785.4954545454547,large,IC10-QNV-152 S,新港_南沙
16,17.0,196.9772727272728,large,IC10-QNV-152 S,新港_南沙
17,18.0,245.79545454545453,large,IC10-QNV-152 S,新港_南沙
0,0.0,0.0,large,IC10-R27-063 S,新港_南沙
1,1.0,0.0,large,IC10-R27-063 S,新港_南沙
2,2.0,567.2863636363636,large,IC10-R27-063 S,新港_南沙
3,3.0,548.8636363636364,large,IC10-R27-063 S,新港_南沙
4,4.0,495.02727272727276,large,IC10-R27-063 S,新港_南沙
5,5.0,3832.6431818181813,large,IC10-R27-063 S,新港_南沙
6,6.0,1988.3181818181818,large,IC10-R27-063 S,新港_南沙
7,7.0,737.0761363636365,large,IC10-R27-063 S,新港_南沙
8,8.0,4920.777272727273,large,IC10-R27-063 S,新港_南沙
9,9.0,1194.7759090909092,large,IC10-R27-063 S,新港_南沙
10,10.0,192.62727272727273,large,IC10-R27-063 S,新港_南沙
11,11.0,1160.8227272727272,large,IC10-R27-063 S,新港_南沙
12,12.0,0.0,large,IC10-R27-063 S,新港_南沙
13,13.0,486.15,large,IC10-R27-063 S,新港_南沙
14,14.0,548.8636363636364,large,IC10-R27-063 S,新港_南沙
15,15.0,785.4954545454547,large,IC10-R27-063 S,新港_南沙
16,17.0,196.9772727272728,large,IC10-R27-063 S,新港_南沙
17,18.0,245.79545454545453,large,IC10-R27-063 S,新港_南沙
18,19.0,225.27272727272728,large,IC10-R27-063 S,新港_南沙
0,0.0,0.0,large,IC10-QB3-056 S,新港_南沙
1,1.0,0.0,large,IC10-QB3-056 S,新港_南沙
2,2.0,567.2863636363636,large,IC10-QB3-056 S,新港_南沙
3,3.0,548.8636363636364,large,IC10-QB3-056 S,新港_南沙
4,4.0,495.02727272727276,large,IC10-QB3-056 S,新港_南沙
5,5.0,4034.1477272727275,large,IC10-QB3-056 S,新港_南沙
6,6.0,2483.3454545454547,large,IC10-QB3-056 S,新港_南沙
7,7.0,737.0761363636365,large,IC10-QB3-056 S,新港_南沙
8,8.0,4920.777272727273,large,IC10-QB3-056 S,新港_南沙
9,9.0,1194.7759090909092,large,IC10-QB3-056 S,新港_南沙
10,10.0,192.62727272727273,large,IC10-QB3-056 S,新港_南沙
11,11.0,2039.3863636363637,large,IC10-QB3-056 S,新港_南沙
12,12.0,970.2954545454545,large,IC10-QB3-056 S,新港_南沙
13,13.0,486.15,large,IC10-QB3-056 S,新港_南沙
14,14.0,548.8636363636364,large,IC10-QB3-056 S,新港_南沙
15,15.0,785.4954545454547,large,IC10-QB3-056 S,新港_南沙
16,17.0,196.9772727272728,large,IC10-QB3-056 S,新港_南沙
17,18.0,245.79545454545453,large,IC10-QB3-056 S,新港_南沙
18,19.0,225.27272727272728,large,IC10-QB3-056 S,新港_南沙
0,0.0,0.0,large,IC10-Q40-106 S,新港_南沙
1,1.0,0.0,large,IC10-Q40-106 S,新港_南沙
2,2.0,567.2863636363636,large,IC10-Q40-106 S,新港_南沙
3,3.0,1761.709090909091,large,IC10-Q40-106 S,新港_南沙
4,4.0,2546.5602272727274,large,IC10-Q40-106 S,新港_南沙
5,5.0,4034.1477272727275,large,IC10-Q40-106 S,新港_南沙
6,6.0,2483.3454545454547,large,IC10-Q40-106 S,新港_南沙
7,7.0,737.0761363636365,large,IC10-Q40-106 S,新港_南沙
8,8.0,4920.777272727273,large,IC10-Q40-106 S,新港_南沙
9,9.0,1194.7759090909092,large,IC10-Q40-106 S,新港_南沙
10,10.0,192.62727272727273,large,IC10-Q40-106 S,新港_南沙
11,11.0,2039.3863636363637,large,IC10-Q40-106 S,新港_南沙
12,12.0,970.2954545454545,large,IC10-Q40-106 S,新港_南沙
13,13.0,486.15,large,IC10-Q40-106 S,新港_南沙
14,14.0,835.0363636363637,large,IC10-Q40-106 S,新港_南沙
15,15.0,785.4954545454547,large,IC10-Q40-106 S,新港_南沙
16,17.0,196.9772727272728,large,IC10-Q40-106 S,新港_南沙
17,18.0,245.79545454545453,large,IC10-Q40-106 S,新港_南沙
18,19.0,225.27272727272728,large,IC10-Q40-106 S,新港_南沙
0,0.0,134.21896551724137,small,IC9-RIG-102 S,营口_南沙
1,1.0,133.6758620689655,small,IC9-RIG-102 S,营口_南沙
2,2.0,133.31379310344826,small,IC9-RIG-102 S,营口_南沙
0,0.0,134.21896551724137,small,IC9-RFF-391 S,营口_南沙
1,1.0,133.6758620689655,small,IC9-RFF-391 S,营口_南沙
2,2.0,133.31379310344826,small,IC9-RFF-391 S,营口_南沙
3,3.0,0.0,small,IC9-RFF-391 S,营口_南沙
4,5.0,75.92586206896551,small,IC9-RFF-391 S,营口_南沙
5,6.0,188.4206896551724,small,IC9-RFF-391 S,营口_南沙
0,0.0,134.21896551724137,small,IC9-RZD-216 S,营口_南沙
1,1.0,133.6758620689655,small,IC9-RZD-216 S,营口_南沙
2,2.0,357.57931034482755,small,IC9-RZD-216 S,营口_南沙
3,3.0,75.92586206896551,small,IC9-RZD-216 S,营口_南沙
4,4.0,171.0413793103448,small,IC9-RZD-216 S,营口_南沙
5,5.0,75.92586206896551,small,IC9-RZD-216 S,营口_南沙
6,6.0,319.0189655172413,small,IC9-RZD-216 S,营口_南沙
0,0.0,134.21896551724137,small,IC9-Q55-105 S,营口_南沙
1,1.0,133.6758620689655,small,IC9-Q55-105 S,营口_南沙
2,2.0,357.57931034482755,small,IC9-Q55-105 S,营口_南沙
3,3.0,206.07155172413792,small,IC9-Q55-105 S,营口_南沙
4,4.0,445.16379310344826,small,IC9-Q55-105 S,营口_南沙
5,5.0,75.92586206896551,small,IC9-Q55-105 S,营口_南沙
6,6.0,431.151724137931,small,IC9-Q55-105 S,营口_南沙
0,0.0,134.21896551724137,small,IC9-QUB-094 S,营口_南沙
1,1.0,133.6758620689655,small,IC9-QUB-094 S,营口_南沙
2,2.0,1123.5036206896552,small,IC9-QUB-094 S,营口_南沙
3,3.0,281.9974137931034,small,IC9-QUB-094 S,营口_南沙
4,4.0,514.1379310344828,small,IC9-QUB-094 S,营口_南沙
5,5.0,75.92586206896551,small,IC9-QUB-094 S,营口_南沙
6,6.0,431.151724137931,small,IC9-QUB-094 S,营口_南沙
7,9.0,68.43103448275862,small,IC9-QUB-094 S,营口_南沙
0,0.0,134.21896551724137,small,IC9-RIU-077 S,营口_南沙
1,1.0,352.9448275862069,small,IC9-RIU-077 S,营口_南沙
2,2.0,1198.8863793103449,small,IC9-RIU-077 S,营口_南沙
3,3.0,557.1336206896551,small,IC9-RIU-077 S,营口_南沙
4,4.0,713.1672413793103,small,IC9-RIU-077 S,营口_南沙
5,5.0,75.92586206896551,small,IC9-RIU-077 S,营口_南沙
6,6.0,431.151724137931,small,IC9-RIU-077 S,营口_南沙
7,9.0,68.43103448275862,small,IC9-RIU-077 S,营口_南沙
0,0.0,0.0,large,IC29-CAK-165 S,营口_南沙
1,7.0,24.931974921630093,large,IC29-CAK-165 S,营口_南沙
2,8.0,84.76939655172414,large,IC29-CAK-165 S,营口_南沙
0,0.0,134.21896551724137,small,IC9-QPE-297 S,营口_南沙
1,1.0,352.9448275862069,small,IC9-QPE-297 S,营口_南沙
2,2.0,1198.8863793103449,small,IC9-QPE-297 S,营口_南沙
3,3.0,786.7034482758621,small,IC9-QPE-297 S,营口_南沙
4,4.0,789.0206896551724,small,IC9-QPE-297 S,营口_南沙
5,5.0,75.92586206896551,small,IC9-QPE-297 S,营口_南沙
6,6.0,431.151724137931,small,IC9-QPE-297 S,营口_南沙
7,9.0,68.43103448275862,small,IC9-QPE-297 S,营口_南沙
0,0.0,134.21896551724137,small,IC9-RAC-164 S,营口_南沙
1,1.0,352.9448275862069,small,IC9-RAC-164 S,营口_南沙
2,2.0,1198.8863793103449,small,IC9-RAC-164 S,营口_南沙
3,3.0,786.7034482758621,small,IC9-RAC-164 S,营口_南沙
4,4.0,789.0206896551724,small,IC9-RAC-164 S,营口_南沙
5,5.0,75.92586206896551,small,IC9-RAC-164 S,营口_南沙
6,6.0,431.151724137931,small,IC9-RAC-164 S,营口_南沙
7,7.0,0.0,small,IC9-RAC-164 S,营口_南沙
8,8.0,440.1672413793104,small,IC9-RAC-164 S,营口_南沙
9,9.0,68.43103448275862,small,IC9-RAC-164 S,营口_南沙
0,0.0,272.2396551724138,small,IC9-RT8-099 S,营口_南沙
1,1.0,352.9448275862069,small,IC9-RT8-099 S,营口_南沙
2,2.0,1401.1743103448275,small,IC9-RT8-099 S,营口_南沙
3,3.0,855.6775862068966,small,IC9-RT8-099 S,营口_南沙
4,4.0,789.0206896551724,small,IC9-RT8-099 S,营口_南沙
5,5.0,75.92586206896551,small,IC9-RT8-099 S,营口_南沙
6,6.0,431.151724137931,small,IC9-RT8-099 S,营口_南沙
7,7.0,0.0,small,IC9-RT8-099 S,营口_南沙
8,8.0,440.1672413793104,small,IC9-RT8-099 S,营口_南沙
9,9.0,68.43103448275862,small,IC9-RT8-099 S,营口_南沙
0,0.0,272.2396551724138,small,IC9-RIP-351 S,营口_南沙
1,1.0,812.7452586206898,small,IC9-RIP-351 S,营口_南沙
2,2.0,1470.1484482758622,small,IC9-RIP-351 S,营口_南沙
3,3.0,855.6775862068966,small,IC9-RIP-351 S,营口_南沙
4,4.0,789.0206896551724,small,IC9-RIP-351 S,营口_南沙
5,5.0,75.92586206896551,small,IC9-RIP-351 S,营口_南沙
6,6.0,431.151724137931,small,IC9-RIP-351 S,营口_南沙
7,7.0,0.0,small,IC9-RIP-351 S,营口_南沙
8,8.0,440.1672413793104,small,IC9-RIP-351 S,营口_南沙
9,9.0,68.43103448275862,small,IC9-RIP-351 S,营口_南沙
0,0.0,272.2396551724138,small,IC9-RIG-103 S,营口_南沙
1,1.0,812.7452586206898,small,IC9-RIG-103 S,营口_南沙
2,2.0,1470.1484482758622,small,IC9-RIG-103 S,营口_南沙
3,3.0,855.6775862068966,small,IC9-RIG-103 S,营口_南沙
4,4.0,789.0206896551724,small,IC9-RIG-103 S,营口_南沙
5,5.0,75.92586206896551,small,IC9-RIG-103 S,营口_南沙
6,6.0,431.151724137931,small,IC9-RIG-103 S,营口_南沙
7,7.0,213.9646551724138,small,IC9-RIG-103 S,营口_南沙
8,8.0,512.4,small,IC9-RIG-103 S,营口_南沙
9,9.0,209.81896551724137,small,IC9-RIG-103 S,营口_南沙
0,0.0,272.2396551724138,small,IC9-RFF-392 S,营口_南沙
1,1.0,812.7452586206898,small,IC9-RFF-392 S,营口_南沙
2,2.0,1470.1484482758622,small,IC9-RFF-392 S,营口_南沙
3,3.0,1058.146551724138,small,IC9-RFF-392 S,营口_南沙
4,4.0,982.1482758620689,small,IC9-RFF-392 S,营口_南沙
5,5.0,75.92586206896551,small,IC9-RFF-392 S,营口_南沙
6,6.0,431.151724137931,small,IC9-RFF-392 S,营口_南沙
7,7.0,213.9646551724138,small,IC9-RFF-392 S,营口_南沙
8,8.0,512.4,small,IC9-RFF-392 S,营口_南沙
9,9.0,209.81896551724137,small,IC9-RFF-392 S,营口_南沙
0,0.0,272.2396551724138,small,IC9-Q55-106 S,营口_南沙
1,1.0,812.7452586206898,small,IC9-Q55-106 S,营口_南沙
2,2.0,1470.1484482758622,small,IC9-Q55-106 S,营口_南沙
3,3.0,1058.146551724138,small,IC9-Q55-106 S,营口_南沙
4,4.0,982.1482758620689,small,IC9-Q55-106 S,营口_南沙
5,5.0,206.34310344827585,small,IC9-Q55-106 S,营口_南沙
6,6.0,644.2293103448276,small,IC9-Q55-106 S,营口_南沙
7,7.0,213.9646551724138,small,IC9-Q55-106 S,营口_南沙
8,8.0,512.4,small,IC9-Q55-106 S,营口_南沙
9,9.0,209.81896551724137,small,IC9-Q55-106 S,营口_南沙
10,10.0,72.77586206896552,small,IC9-Q55-106 S,营口_南沙
0,0.0,272.2396551724138,small,IC9-Q22-109 S,营口_南沙
1,1.0,812.7452586206898,small,IC9-Q22-109 S,营口_南沙
2,2.0,1470.1484482758622,small,IC9-Q22-109 S,营口_南沙
3,3.0,1058.146551724138,small,IC9-Q22-109 S,营口_南沙
4,4.0,982.1482758620689,small,IC9-Q22-109 S,营口_南沙
5,5.0,206.34310344827585,small,IC9-Q22-109 S,营口_南沙
6,6.0,644.2293103448276,small,IC9-Q22-109 S,营口_南沙
7,7.0,344.38189655172414,small,IC9-Q22-109 S,营口_南沙
8,8.0,851.6224137931035,small,IC9-Q22-109 S,营口_南沙
9,9.0,282.05172413793105,small,IC9-Q22-109 S,营口_南沙
10,10.0,72.77586206896552,small,IC9-Q22-109 S,营口_南沙
0,0.0,272.2396551724138,small,CF66-TCT-053 S,营口_南沙
1,1.0,887.9650862068967,small,CF66-TCT-053 S,营口_南沙
2,2.0,1542.3812068965517,small,CF66-TCT-053 S,营口_南沙
3,3.0,1058.146551724138,small,CF66-TCT-053 S,营口_南沙
4,4.0,1061.6224137931035,small,CF66-TCT-053 S,营口_南沙
5,5.0,206.34310344827585,small,CF66-TCT-053 S,营口_南沙
6,6.0,644.2293103448276,small,CF66-TCT-053 S,营口_南沙
7,7.0,344.38189655172414,small,CF66-TCT-053 S,营口_南沙
8,8.0,851.6224137931035,small,CF66-TCT-053 S,营口_南沙
9,9.0,282.05172413793105,small,CF66-TCT-053 S,营口_南沙
10,10.0,72.77586206896552,small,CF66-TCT-053 S,营口_南沙
0,0.0,799.2355603448276,small,IC9-RIU-078 S,营口_南沙
1,1.0,1018.3099137931035,small,IC9-RIU-078 S,营口_南沙
2,2.0,1542.3812068965517,small,IC9-RIU-078 S,营口_南沙
3,3.0,1141.2413793103449,small,IC9-RIU-078 S,营口_南沙
4,4.0,1061.6224137931035,small,IC9-RIU-078 S,营口_南沙
5,5.0,206.34310344827585,small,IC9-RIU-078 S,营口_南沙
6,6.0,644.2293103448276,small,IC9-RIU-078 S,营口_南沙
7,7.0,344.38189655172414,small,IC9-RIU-078 S,营口_南沙
8,8.0,851.6224137931035,small,IC9-RIU-078 S,营口_南沙
9,9.0,282.05172413793105,small,IC9-RIU-078 S,营口_南沙
10,10.0,72.77586206896552,small,IC9-RIU-078 S,营口_南沙
0,0.0,1046.3476293103447,small,IC20-S8Q-090 S,营口_南沙
1,1.0,1267.5943965517242,small,IC20-S8Q-090 S,营口_南沙
2,2.0,1542.3812068965517,small,IC20-S8Q-090 S,营口_南沙
3,3.0,1141.2413793103449,small,IC20-S8Q-090 S,营口_南沙
4,4.0,1061.6224137931035,small,IC20-S8Q-090 S,营口_南沙
5,5.0,206.34310344827585,small,IC20-S8Q-090 S,营口_南沙
6,6.0,644.2293103448276,small,IC20-S8Q-090 S,营口_南沙
7,7.0,344.38189655172414,small,IC20-S8Q-090 S,营口_南沙
8,8.0,851.6224137931035,small,IC20-S8Q-090 S,营口_南沙
9,9.0,282.05172413793105,small,IC20-S8Q-090 S,营口_南沙
10,10.0,72.77586206896552,small,IC20-S8Q-090 S,营口_南沙
0,0.0,1046.3476293103447,small,IC9-RZD-217 S,营口_南沙
1,1.0,1267.5943965517242,small,IC9-RZD-217 S,营口_南沙
2,2.0,1542.3812068965517,small,IC9-RZD-217 S,营口_南沙
3,3.0,1141.2413793103449,small,IC9-RZD-217 S,营口_南沙
4,4.0,1061.6224137931035,small,IC9-RZD-217 S,营口_南沙
5,5.0,206.34310344827585,small,IC9-RZD-217 S,营口_南沙
6,6.0,774.6465517241379,small,IC9-RZD-217 S,营口_南沙
7,7.0,420.5974137931035,small,IC9-RZD-217 S,营口_南沙
8,8.0,851.6224137931035,small,IC9-RZD-217 S,营口_南沙
9,9.0,282.05172413793105,small,IC9-RZD-217 S,营口_南沙
10,10.0,72.77586206896552,small,IC9-RZD-217 S,营口_南沙
0,0.0,1046.3476293103447,small,IC9-QUB-095 S,营口_南沙
1,1.0,1267.5943965517242,small,IC9-QUB-095 S,营口_南沙
2,2.0,1542.3812068965517,small,IC9-QUB-095 S,营口_南沙
3,3.0,1141.2413793103449,small,IC9-QUB-095 S,营口_南沙
4,4.0,1061.6224137931035,small,IC9-QUB-095 S,营口_南沙
5,5.0,303.92068965517245,small,IC9-QUB-095 S,营口_南沙
6,6.0,850.8620689655172,small,IC9-QUB-095 S,营口_南沙
7,7.0,756.4887931034484,small,IC9-QUB-095 S,营口_南沙
8,8.0,851.6224137931035,small,IC9-QUB-095 S,营口_南沙
9,9.0,282.05172413793105,small,IC9-QUB-095 S,营口_南沙
10,10.0,72.77586206896552,small,IC9-QUB-095 S,营口_南沙
0,0.0,1046.3476293103447,small,IC9-Q55-107 S,营口_南沙
1,1.0,1267.5943965517242,small,IC9-Q55-107 S,营口_南沙
2,2.0,1542.3812068965517,small,IC9-Q55-107 S,营口_南沙
3,3.0,1141.2413793103449,small,IC9-Q55-107 S,营口_南沙
4,4.0,1061.6224137931035,small,IC9-Q55-107 S,营口_南沙
5,5.0,303.92068965517245,small,IC9-Q55-107 S,营口_南沙
6,6.0,850.8620689655172,small,IC9-Q55-107 S,营口_南沙
7,7.0,1200.8801724137932,small,IC9-Q55-107 S,营口_南沙
8,8.0,1036.7603448275863,small,IC9-Q55-107 S,营口_南沙
9,9.0,411.67241379310343,small,IC9-Q55-107 S,营口_南沙
10,10.0,72.77586206896552,small,IC9-Q55-107 S,营口_南沙
11,16.0,76.21551724137932,small,IC9-Q55-107 S,营口_南沙
0,0.0,1046.3476293103447,small,IC9-RZD-218 S,营口_南沙
1,1.0,1267.5943965517242,small,IC9-RZD-218 S,营口_南沙
2,2.0,1542.3812068965517,small,IC9-RZD-218 S,营口_南沙
3,3.0,1141.2413793103449,small,IC9-RZD-218 S,营口_南沙
4,4.0,1061.6224137931035,small,IC9-RZD-218 S,营口_南沙
5,5.0,303.92068965517245,small,IC9-RZD-218 S,营口_南沙
6,6.0,850.8620689655172,small,IC9-RZD-218 S,营口_南沙
7,7.0,1414.1387931034483,small,IC9-RZD-218 S,营口_南沙
8,8.0,1225.889655172414,small,IC9-RZD-218 S,营口_南沙
9,9.0,494.58620689655174,small,IC9-RZD-218 S,营口_南沙
10,10.0,72.77586206896552,small,IC9-RZD-218 S,营口_南沙
11,16.0,76.21551724137932,small,IC9-RZD-218 S,营口_南沙
12,18.0,76.03448275862068,small,IC9-RZD-218 S,营口_南沙
0,0.0,1046.3476293103447,small,IC9-QPE-298 S,营口_南沙
1,1.0,1267.5943965517242,small,IC9-QPE-298 S,营口_南沙
2,2.0,1754.9156896551724,small,IC9-QPE-298 S,营口_南沙
3,3.0,1216.3706896551723,small,IC9-QPE-298 S,营口_南沙
4,4.0,1061.6224137931035,small,IC9-QPE-298 S,营口_南沙
5,5.0,303.92068965517245,small,IC9-QPE-298 S,营口_南沙
6,6.0,850.8620689655172,small,IC9-QPE-298 S,营口_南沙
7,7.0,1414.1387931034483,small,IC9-QPE-298 S,营口_南沙
8,8.0,1225.889655172414,small,IC9-QPE-298 S,营口_南沙
9,9.0,494.58620689655174,small,IC9-QPE-298 S,营口_南沙
10,10.0,72.77586206896552,small,IC9-QPE-298 S,营口_南沙
11,16.0,76.21551724137932,small,IC9-QPE-298 S,营口_南沙
12,18.0,76.03448275862068,small,IC9-QPE-298 S,营口_南沙
0,0.0,1046.3476293103447,small,IC9-RAC-165 S,营口_南沙
1,1.0,1267.5943965517242,small,IC9-RAC-165 S,营口_南沙
2,2.0,1754.9156896551724,small,IC9-RAC-165 S,营口_南沙
3,3.0,1216.3706896551723,small,IC9-RAC-165 S,营口_南沙
4,4.0,1596.0879310344828,small,IC9-RAC-165 S,营口_南沙
5,5.0,477.7137931034483,small,IC9-RAC-165 S,营口_南沙
6,6.0,850.8620689655172,small,IC9-RAC-165 S,营口_南沙
7,7.0,1490.3543103448276,small,IC9-RAC-165 S,营口_南沙
8,8.0,1225.889655172414,small,IC9-RAC-165 S,营口_南沙
9,9.0,494.58620689655174,small,IC9-RAC-165 S,营口_南沙
10,10.0,72.77586206896552,small,IC9-RAC-165 S,营口_南沙
11,16.0,76.21551724137932,small,IC9-RAC-165 S,营口_南沙
12,18.0,76.03448275862068,small,IC9-RAC-165 S,营口_南沙
0,0.0,1046.3476293103447,small,IC9-RIP-352 S,营口_南沙
1,1.0,1267.5943965517242,small,IC9-RIP-352 S,营口_南沙
2,2.0,1754.9156896551724,small,IC9-RIP-352 S,营口_南沙
3,3.0,1216.3706896551723,small,IC9-RIP-352 S,营口_南沙
4,4.0,1596.0879310344828,small,IC9-RIP-352 S,营口_南沙
5,5.0,477.7137931034483,small,IC9-RIP-352 S,营口_南沙
6,6.0,927.0775862068965,small,IC9-RIP-352 S,营口_南沙
7,7.0,1801.5525862068966,small,IC9-RIP-352 S,营口_南沙
8,8.0,1225.889655172414,small,IC9-RIP-352 S,营口_南沙
9,9.0,494.58620689655174,small,IC9-RIP-352 S,营口_南沙
10,10.0,72.77586206896552,small,IC9-RIP-352 S,营口_南沙
11,16.0,76.21551724137932,small,IC9-RIP-352 S,营口_南沙
12,18.0,76.03448275862068,small,IC9-RIP-352 S,营口_南沙
0,0.0,1346.201077586207,small,IC9-RIG-104 S,营口_南沙
1,1.0,1267.5943965517242,small,IC9-RIG-104 S,营口_南沙
2,2.0,1884.3553448275861,small,IC9-RIG-104 S,营口_南沙
3,3.0,1216.3706896551723,small,IC9-RIG-104 S,营口_南沙
4,4.0,1596.0879310344828,small,IC9-RIG-104 S,营口_南沙
5,5.0,477.7137931034483,small,IC9-RIG-104 S,营口_南沙
6,6.0,927.0775862068965,small,IC9-RIG-104 S,营口_南沙
7,7.0,1801.5525862068966,small,IC9-RIG-104 S,营口_南沙
8,8.0,1225.889655172414,small,IC9-RIG-104 S,营口_南沙
9,9.0,494.58620689655174,small,IC9-RIG-104 S,营口_南沙
10,10.0,72.77586206896552,small,IC9-RIG-104 S,营口_南沙
11,16.0,76.21551724137932,small,IC9-RIG-104 S,营口_南沙
12,18.0,76.03448275862068,small,IC9-RIG-104 S,营口_南沙
0,0.0,1346.201077586207,small,IC9-RFF-393 S,营口_南沙
1,1.0,1267.5943965517242,small,IC9-RFF-393 S,营口_南沙
2,2.0,1884.3553448275861,small,IC9-RFF-393 S,营口_南沙
3,3.0,1216.3706896551723,small,IC9-RFF-393 S,营口_南沙
4,4.0,1882.8918103448277,small,IC9-RFF-393 S,营口_南沙
5,5.0,477.7137931034483,small,IC9-RFF-393 S,营口_南沙
6,6.0,927.0775862068965,small,IC9-RFF-393 S,营口_南沙
7,7.0,1801.5525862068966,small,IC9-RFF-393 S,营口_南沙
8,8.0,1225.889655172414,small,IC9-RFF-393 S,营口_南沙
9,9.0,494.58620689655174,small,IC9-RFF-393 S,营口_南沙
10,10.0,72.77586206896552,small,IC9-RFF-393 S,营口_南沙
11,16.0,76.21551724137932,small,IC9-RFF-393 S,营口_南沙
12,18.0,76.03448275862068,small,IC9-RFF-393 S,营口_南沙
0,0.0,1552.0372844827587,small,IC9-Q22-110 S,营口_南沙
1,1.0,1267.5943965517242,small,IC9-Q22-110 S,营口_南沙
2,2.0,1884.3553448275861,small,IC9-Q22-110 S,营口_南沙
3,3.0,1216.3706896551723,small,IC9-Q22-110 S,营口_南沙
4,4.0,1882.8918103448277,small,IC9-Q22-110 S,营口_南沙
5,5.0,477.7137931034483,small,IC9-Q22-110 S,营口_南沙
6,6.0,927.0775862068965,small,IC9-Q22-110 S,营口_南沙
7,7.0,1801.5525862068966,small,IC9-Q22-110 S,营口_南沙
8,8.0,1225.889655172414,small,IC9-Q22-110 S,营口_南沙
9,9.0,494.58620689655174,small,IC9-Q22-110 S,营口_南沙
10,10.0,72.77586206896552,small,IC9-Q22-110 S,营口_南沙
11,16.0,76.21551724137932,small,IC9-Q22-110 S,营口_南沙
12,18.0,76.03448275862068,small,IC9-Q22-110 S,营口_南沙
0,0.0,1552.0372844827587,small,IC15-CAH-191 S,营口_南沙
1,1.0,1622.0297413793105,small,IC15-CAH-191 S,营口_南沙
2,2.0,2314.6743103448275,small,IC15-CAH-191 S,营口_南沙
3,3.0,1216.3706896551723,small,IC15-CAH-191 S,营口_南沙
4,4.0,1882.8918103448277,small,IC15-CAH-191 S,营口_南沙
5,5.0,477.7137931034483,small,IC15-CAH-191 S,营口_南沙
6,6.0,927.0775862068965,small,IC15-CAH-191 S,营口_南沙
7,7.0,1801.5525862068966,small,IC15-CAH-191 S,营口_南沙
8,8.0,1225.889655172414,small,IC15-CAH-191 S,营口_南沙
9,9.0,494.58620689655174,small,IC15-CAH-191 S,营口_南沙
10,10.0,72.77586206896552,small,IC15-CAH-191 S,营口_南沙
11,16.0,76.21551724137932,small,IC15-CAH-191 S,营口_南沙
12,18.0,76.03448275862068,small,IC15-CAH-191 S,营口_南沙
0,-7.0,0.0,large,IC9-RZD-216 S,营口_宁波
1,-6.0,0.0,large,IC9-RZD-216 S,营口_宁波
2,-5.0,0.0,large,IC9-RZD-216 S,营口_宁波
3,-4.0,0.0,large,IC9-RZD-216 S,营口_宁波
4,-3.0,0.0,large,IC9-RZD-216 S,营口_宁波
5,-2.0,0.0,large,IC9-RZD-216 S,营口_宁波
6,-1.0,533.1223140495867,large,IC9-RZD-216 S,营口_宁波
7,0.0,860.9999999999999,large,IC9-RZD-216 S,营口_宁波
8,2.0,596.0181818181818,large,IC9-RZD-216 S,营口_宁波
9,3.0,175.82727272727266,large,IC9-RZD-216 S,营口_宁波
0,-7.0,0.0,large,IC8-QNG-589 S,营口_宁波
1,-6.0,0.0,large,IC8-QNG-589 S,营口_宁波
2,-5.0,0.0,large,IC8-QNG-589 S,营口_宁波
3,-4.0,0.0,large,IC8-QNG-589 S,营口_宁波
4,-3.0,0.0,large,IC8-QNG-589 S,营口_宁波
5,-2.0,0.0,large,IC8-QNG-589 S,营口_宁波
6,-1.0,533.1223140495867,large,IC8-QNG-589 S,营口_宁波
7,0.0,860.9999999999999,large,IC8-QNG-589 S,营口_宁波
8,1.0,0.0,large,IC8-QNG-589 S,营口_宁波
9,2.0,596.0181818181818,large,IC8-QNG-589 S,营口_宁波
10,3.0,710.7545454545453,large,IC8-QNG-589 S,营口_宁波
11,4.0,880.8489304812832,large,IC8-QNG-589 S,营口_宁波
12,5.0,195.39545454545453,large,IC8-QNG-589 S,营口_宁波
0,-7.0,0.0,large,IC9-QPE-297 S,营口_宁波
1,-6.0,0.0,large,IC9-QPE-297 S,营口_宁波
2,-5.0,0.0,large,IC9-QPE-297 S,营口_宁波
3,-4.0,0.0,large,IC9-QPE-297 S,营口_宁波
4,-3.0,0.0,large,IC9-QPE-297 S,营口_宁波
5,-2.0,0.0,large,IC9-QPE-297 S,营口_宁波
6,-1.0,533.1223140495867,large,IC9-QPE-297 S,营口_宁波
7,0.0,860.9999999999999,large,IC9-QPE-297 S,营口_宁波
8,1.0,0.0,large,IC9-QPE-297 S,营口_宁波
9,2.0,596.0181818181818,large,IC9-QPE-297 S,营口_宁波
10,3.0,710.7545454545453,large,IC9-QPE-297 S,营口_宁波
11,4.0,880.8489304812832,large,IC9-QPE-297 S,营口_宁波
12,5.0,1773.068181818181,large,IC9-QPE-297 S,营口_宁波
13,10.0,175.90681818181812,large,IC9-QPE-297 S,营口_宁波
14,13.0,342.5863636363641,large,IC9-QPE-297 S,营口_宁波
0,-7.0,0.0,large,IC9-RIG-103 S,营口_宁波
1,-6.0,0.0,large,IC9-RIG-103 S,营口_宁波
2,-5.0,0.0,large,IC9-RIG-103 S,营口_宁波
3,-4.0,0.0,large,IC9-RIG-103 S,营口_宁波
4,-3.0,0.0,large,IC9-RIG-103 S,营口_宁波
5,-2.0,0.0,large,IC9-RIG-103 S,营口_宁波
6,-1.0,533.1223140495867,large,IC9-RIG-103 S,营口_宁波
7,0.0,860.9999999999999,large,IC9-RIG-103 S,营口_宁波
8,1.0,0.0,large,IC9-RIG-103 S,营口_宁波
9,2.0,596.0181818181818,large,IC9-RIG-103 S,营口_宁波
10,3.0,710.7545454545453,large,IC9-RIG-103 S,营口_宁波
11,4.0,880.8489304812832,large,IC9-RIG-103 S,营口_宁波
12,5.0,1773.068181818181,large,IC9-RIG-103 S,营口_宁波
13,7.0,0.0,large,IC9-RIG-103 S,营口_宁波
14,8.0,0.0,large,IC9-RIG-103 S,营口_宁波
15,9.0,1073.0881710423196,large,IC9-RIG-103 S,营口_宁波
16,10.0,710.5477272727271,large,IC9-RIG-103 S,营口_宁波
17,12.0,175.827272727273,large,IC9-RIG-103 S,营口_宁波
18,13.0,342.5863636363641,large,IC9-RIG-103 S,营口_宁波
19,17.0,178.21363636363637,large,IC9-RIG-103 S,营口_宁波
20,20.0,166.75909090909116,large,IC9-RIG-103 S,营口_宁波
0,-7.0,0.0,large,IC9-Q55-106 S,营口_宁波
1,-6.0,0.0,large,IC9-Q55-106 S,营口_宁波
2,-5.0,0.0,large,IC9-Q55-106 S,营口_宁波
3,-4.0,0.0,large,IC9-Q55-106 S,营口_宁波
4,-3.0,0.0,large,IC9-Q55-106 S,营口_宁波
5,-2.0,0.0,large,IC9-Q55-106 S,营口_宁波
6,-1.0,533.1223140495867,large,IC9-Q55-106 S,营口_宁波
7,0.0,860.9999999999999,large,IC9-Q55-106 S,营口_宁波
8,1.0,0.0,large,IC9-Q55-106 S,营口_宁波
9,2.0,596.0181818181818,large,IC9-Q55-106 S,营口_宁波
10,3.0,1239.6681818181817,large,IC9-Q55-106 S,营口_宁波
11,4.0,1409.7625668449195,large,IC9-Q55-106 S,营口_宁波
12,5.0,1773.068181818181,large,IC9-Q55-106 S,营口_宁波
13,7.0,0.0,large,IC9-Q55-106 S,营口_宁波
14,8.0,176.3045454545457,large,IC9-Q55-106 S,营口_宁波
15,9.0,1073.0881710423196,large,IC9-Q55-106 S,营口_宁波
16,10.0,710.5477272727271,large,IC9-Q55-106 S,营口_宁波
17,12.0,175.827272727273,large,IC9-Q55-106 S,营口_宁波
18,13.0,342.5863636363641,large,IC9-Q55-106 S,营口_宁波
19,17.0,178.21363636363637,large,IC9-Q55-106 S,营口_宁波
20,20.0,166.75909090909116,large,IC9-Q55-106 S,营口_宁波
0,-7.0,0.0,large,IC9-QUB-095 S,营口_宁波
1,-6.0,0.0,large,IC9-QUB-095 S,营口_宁波
2,-5.0,0.0,large,IC9-QUB-095 S,营口_宁波
3,-4.0,0.0,large,IC9-QUB-095 S,营口_宁波
4,-3.0,0.0,large,IC9-QUB-095 S,营口_宁波
5,-2.0,0.0,large,IC9-QUB-095 S,营口_宁波
6,-1.0,533.1223140495867,large,IC9-QUB-095 S,营口_宁波
7,0.0,860.9999999999999,large,IC9-QUB-095 S,营口_宁波
8,1.0,0.0,large,IC9-QUB-095 S,营口_宁波
9,2.0,596.0181818181818,large,IC9-QUB-095 S,营口_宁波
10,3.0,1239.6681818181817,large,IC9-QUB-095 S,营口_宁波
11,4.0,1409.7625668449195,large,IC9-QUB-095 S,营口_宁波
12,5.0,1773.068181818181,large,IC9-QUB-095 S,营口_宁波
13,6.0,0.0,large,IC9-QUB-095 S,营口_宁波
14,7.0,651.1909090909091,large,IC9-QUB-095 S,营口_宁波
15,8.0,518.2227272727275,large,IC9-QUB-095 S,营口_宁波
16,9.0,1073.0881710423196,large,IC9-QUB-095 S,营口_宁波
17,10.0,710.5477272727271,large,IC9-QUB-095 S,营口_宁波
18,12.0,175.827272727273,large,IC9-QUB-095 S,营口_宁波
19,13.0,342.5863636363641,large,IC9-QUB-095 S,营口_宁波
20,17.0,178.21363636363637,large,IC9-QUB-095 S,营口_宁波
21,20.0,166.75909090909116,large,IC9-QUB-095 S,营口_宁波
0,0.0,0.0,small,IC8-TNH-351 S,营口_宁波
1,1.0,0.0,small,IC8-TNH-351 S,营口_宁波
2,2.0,617.6227272727273,small,IC8-TNH-351 S,营口_宁波
3,3.0,165.61363636363637,small,IC8-TNH-351 S,营口_宁波
0,-7.0,0.0,large,IC9-RIP-352 S,营口_宁波
1,-6.0,0.0,large,IC9-RIP-352 S,营口_宁波
2,-5.0,0.0,large,IC9-RIP-352 S,营口_宁波
3,-4.0,0.0,large,IC9-RIP-352 S,营口_宁波
4,-3.0,0.0,large,IC9-RIP-352 S,营口_宁波
5,-2.0,0.0,large,IC9-RIP-352 S,营口_宁波
6,-1.0,533.1223140495867,large,IC9-RIP-352 S,营口_宁波
7,0.0,860.9999999999999,large,IC9-RIP-352 S,营口_宁波
8,1.0,0.0,large,IC9-RIP-352 S,营口_宁波
9,2.0,596.0181818181818,large,IC9-RIP-352 S,营口_宁波
10,3.0,1239.6681818181817,large,IC9-RIP-352 S,营口_宁波
11,4.0,1409.7625668449195,large,IC9-RIP-352 S,营口_宁波
12,5.0,1773.068181818181,large,IC9-RIP-352 S,营口_宁波
13,6.0,0.0,large,IC9-RIP-352 S,营口_宁波
14,7.0,651.1909090909091,large,IC9-RIP-352 S,营口_宁波
15,8.0,518.2227272727275,large,IC9-RIP-352 S,营口_宁波
16,9.0,1238.224534678683,large,IC9-RIP-352 S,营口_宁波
17,10.0,710.5477272727271,large,IC9-RIP-352 S,营口_宁波
18,11.0,544.1578947368421,large,IC9-RIP-352 S,营口_宁波
19,12.0,175.827272727273,large,IC9-RIP-352 S,营口_宁波
20,13.0,342.5863636363641,large,IC9-RIP-352 S,营口_宁波
21,17.0,178.21363636363637,large,IC9-RIP-352 S,营口_宁波
22,20.0,166.75909090909116,large,IC9-RIP-352 S,营口_宁波
0,-7.0,0.0,large,IC9-Q22-110 S,营口_宁波
1,-6.0,0.0,large,IC9-Q22-110 S,营口_宁波
2,-5.0,0.0,large,IC9-Q22-110 S,营口_宁波
3,-4.0,0.0,large,IC9-Q22-110 S,营口_宁波
4,-3.0,0.0,large,IC9-Q22-110 S,营口_宁波
5,-2.0,0.0,large,IC9-Q22-110 S,营口_宁波
6,-1.0,533.1223140495867,large,IC9-Q22-110 S,营口_宁波
7,0.0,860.9999999999999,large,IC9-Q22-110 S,营口_宁波
8,1.0,0.0,large,IC9-Q22-110 S,营口_宁波
9,2.0,596.0181818181818,large,IC9-Q22-110 S,营口_宁波
10,3.0,1239.6681818181817,large,IC9-Q22-110 S,营口_宁波
11,4.0,1409.7625668449195,large,IC9-Q22-110 S,营口_宁波
12,5.0,1773.068181818181,large,IC9-Q22-110 S,营口_宁波
13,6.0,0.0,large,IC9-Q22-110 S,营口_宁波
14,7.0,651.1909090909091,large,IC9-Q22-110 S,营口_宁波
15,8.0,518.2227272727275,large,IC9-Q22-110 S,营口_宁波
16,9.0,1428.6563528605013,large,IC9-Q22-110 S,营口_宁波
17,10.0,710.5477272727271,large,IC9-Q22-110 S,营口_宁波
18,11.0,712.5936654878303,large,IC9-Q22-110 S,营口_宁波
19,12.0,175.827272727273,large,IC9-Q22-110 S,营口_宁波
20,13.0,342.5863636363641,large,IC9-Q22-110 S,营口_宁波
21,15.0,330.75,large,IC9-Q22-110 S,营口_宁波
22,17.0,178.21363636363637,large,IC9-Q22-110 S,营口_宁波
23,20.0,166.75909090909116,large,IC9-Q22-110 S,营口_宁波
0,-7.0,0.0,large,IC8-QNG-591 S,营口_宁波
1,-6.0,0.0,large,IC8-QNG-591 S,营口_宁波
2,-5.0,0.0,large,IC8-QNG-591 S,营口_宁波
3,-4.0,0.0,large,IC8-QNG-591 S,营口_宁波
4,-3.0,0.0,large,IC8-QNG-591 S,营口_宁波
5,-2.0,0.0,large,IC8-QNG-591 S,营口_宁波
6,-1.0,533.1223140495867,large,IC8-QNG-591 S,营口_宁波
7,0.0,860.9999999999999,large,IC8-QNG-591 S,营口_宁波
8,1.0,0.0,large,IC8-QNG-591 S,营口_宁波
9,2.0,596.0181818181818,large,IC8-QNG-591 S,营口_宁波
10,3.0,1239.6681818181817,large,IC8-QNG-591 S,营口_宁波
11,4.0,1409.7625668449195,large,IC8-QNG-591 S,营口_宁波
12,5.0,1773.068181818181,large,IC8-QNG-591 S,营口_宁波
13,6.0,1517.7055785123966,large,IC8-QNG-591 S,营口_宁波
14,7.0,651.1909090909091,large,IC8-QNG-591 S,营口_宁波
15,8.0,518.2227272727275,large,IC8-QNG-591 S,营口_宁波
16,9.0,1428.6563528605013,large,IC8-QNG-591 S,营口_宁波
17,10.0,710.5477272727271,large,IC8-QNG-591 S,营口_宁波
18,11.0,712.5936654878303,large,IC8-QNG-591 S,营口_宁波
19,12.0,175.827272727273,large,IC8-QNG-591 S,营口_宁波
20,13.0,342.5863636363641,large,IC8-QNG-591 S,营口_宁波
21,15.0,330.75,large,IC8-QNG-591 S,营口_宁波
22,17.0,178.21363636363637,large,IC8-QNG-591 S,营口_宁波
23,20.0,166.75909090909116,large,IC8-QNG-591 S,营口_宁波
0,-7.0,0.0,large,IC8-TNH-352 S,营口_宁波
1,-6.0,0.0,large,IC8-TNH-352 S,营口_宁波
2,-5.0,0.0,large,IC8-TNH-352 S,营口_宁波
3,-4.0,0.0,large,IC8-TNH-352 S,营口_宁波
4,-3.0,0.0,large,IC8-TNH-352 S,营口_宁波
5,-2.0,0.0,large,IC8-TNH-352 S,营口_宁波
6,-1.0,533.1223140495867,large,IC8-TNH-352 S,营口_宁波
7,0.0,860.9999999999999,large,IC8-TNH-352 S,营口_宁波
8,1.0,0.0,large,IC8-TNH-352 S,营口_宁波
9,2.0,596.0181818181818,large,IC8-TNH-352 S,营口_宁波
10,3.0,1787.772287390029,large,IC8-TNH-352 S,营口_宁波
11,4.0,1409.7625668449195,large,IC8-TNH-352 S,营口_宁波
12,5.0,1773.068181818181,large,IC8-TNH-352 S,营口_宁波
13,6.0,1517.7055785123966,large,IC8-TNH-352 S,营口_宁波
14,7.0,651.1909090909091,large,IC8-TNH-352 S,营口_宁波
15,8.0,518.2227272727275,large,IC8-TNH-352 S,营口_宁波
16,9.0,1428.6563528605013,large,IC8-TNH-352 S,营口_宁波
17,10.0,710.5477272727271,large,IC8-TNH-352 S,营口_宁波
18,11.0,712.5936654878303,large,IC8-TNH-352 S,营口_宁波
19,12.0,175.827272727273,large,IC8-TNH-352 S,营口_宁波
20,13.0,342.5863636363641,large,IC8-TNH-352 S,营口_宁波
21,15.0,330.75,large,IC8-TNH-352 S,营口_宁波
22,17.0,178.21363636363637,large,IC8-TNH-352 S,营口_宁波
23,20.0,166.75909090909116,large,IC8-TNH-352 S,营口_宁波
0,0.0,0.0,large,IC19-CAL-191 N,钦州_宁波
1,1.0,76.65000000000002,large,IC19-CAL-191 N,钦州_宁波
2,2.0,56.56875000000001,large,IC19-CAL-191 N,钦州_宁波
3,4.0,50.00624999999999,large,IC19-CAL-191 N,钦州_宁波
4,5.0,-13.518750000000004,large,IC19-CAL-191 N,钦州_宁波
0,0.0,0.0,large,IC19-CAE-199 N,钦州_宁波
1,1.0,76.65000000000002,large,IC19-CAE-199 N,钦州_宁波
2,2.0,56.56875000000001,large,IC19-CAE-199 N,钦州_宁波
3,3.0,0.0,large,IC19-CAE-199 N,钦州_宁波
4,4.0,50.00624999999999,large,IC19-CAE-199 N,钦州_宁波
5,5.0,-54.075,large,IC19-CAE-199 N,钦州_宁波
6,7.0,241.36875000000003,large,IC19-CAE-199 N,钦州_宁波
0,0.0,0.0,large,IC19-CAJ-159 N,钦州_宁波
1,1.0,76.65000000000002,large,IC19-CAJ-159 N,钦州_宁波
2,2.0,56.56875000000001,large,IC19-CAJ-159 N,钦州_宁波
3,3.0,0.0,large,IC19-CAJ-159 N,钦州_宁波
4,4.0,50.00624999999999,large,IC19-CAJ-159 N,钦州_宁波
5,5.0,3.281250000000007,large,IC19-CAJ-159 N,钦州_宁波
6,6.0,158.15624999999997,large,IC19-CAJ-159 N,钦州_宁波
7,7.0,241.36875000000003,large,IC19-CAJ-159 N,钦州_宁波
8,12.0,118.25625000000004,large,IC19-CAJ-159 N,钦州_宁波
0,0.0,0.0,large,IC19-CAC-187 N,钦州_宁波
1,1.0,76.65000000000002,large,IC19-CAC-187 N,钦州_宁波
2,2.0,56.56875000000001,large,IC19-CAC-187 N,钦州_宁波
3,3.0,0.0,large,IC19-CAC-187 N,钦州_宁波
4,4.0,50.00624999999999,large,IC19-CAC-187 N,钦州_宁波
5,5.0,3.281250000000007,large,IC19-CAC-187 N,钦州_宁波
6,6.0,215.51249999999996,large,IC19-CAC-187 N,钦州_宁波
7,7.0,241.36875000000003,large,IC19-CAC-187 N,钦州_宁波
8,8.0,343.34999999999997,large,IC19-CAC-187 N,钦州_宁波
9,9.0,0.9187499999999998,large,IC19-CAC-187 N,钦州_宁波
10,10.0,284.15625,large,IC19-CAC-187 N,钦州_宁波
11,12.0,118.25625000000004,large,IC19-CAC-187 N,钦州_宁波
0,0.0,0.0,small,IC19-CAL-192 N,钦州_宁波
1,6.0,0.0,small,IC19-CAL-192 N,钦州_宁波
2,7.0,183.88125000000002,small,IC19-CAL-192 N,钦州_宁波
3,8.0,172.46250000000003,small,IC19-CAL-192 N,钦州_宁波
0,0.0,88.85625,small,IC39-TDB-042 N,钦州_宁波
1,2.0,62.60625,small,IC39-TDB-042 N,钦州_宁波
2,3.0,254.23125,small,IC39-TDB-042 N,钦州_宁波
3,6.0,0.0,small,IC39-TDB-042 N,钦州_宁波
4,7.0,183.88125000000002,small,IC39-TDB-042 N,钦州_宁波
5,8.0,172.46250000000003,small,IC39-TDB-042 N,钦州_宁波
0,0.0,88.85625,small,IC19-CAE-200 N,钦州_宁波
1,2.0,62.60625,small,IC19-CAE-200 N,钦州_宁波
2,3.0,252.0,small,IC19-CAE-200 N,钦州_宁波
3,4.0,88.85624999999999,small,IC19-CAE-200 N,钦州_宁波
4,6.0,63.34453125,small,IC19-CAE-200 N,钦州_宁波
5,7.0,183.88125000000002,small,IC19-CAE-200 N,钦州_宁波
6,8.0,172.46250000000003,small,IC19-CAE-200 N,钦州_宁波
7,9.0,56.04375,small,IC19-CAE-200 N,钦州_宁波
0,0.0,0.0,large,IC19-CAJ-160 N,钦州_宁波
1,1.0,76.65000000000002,large,IC19-CAJ-160 N,钦州_宁波
2,2.0,235.2,large,IC19-CAJ-160 N,钦州_宁波
3,3.0,-131.64374999999995,large,IC19-CAJ-160 N,钦州_宁波
4,4.0,50.00624999999999,large,IC19-CAJ-160 N,钦州_宁波
5,5.0,3.281250000000007,large,IC19-CAJ-160 N,钦州_宁波
6,6.0,215.51249999999996,large,IC19-CAJ-160 N,钦州_宁波
7,7.0,241.36875000000003,large,IC19-CAJ-160 N,钦州_宁波
8,8.0,343.34999999999997,large,IC19-CAJ-160 N,钦州_宁波
9,9.0,-33.99374999999995,large,IC19-CAJ-160 N,钦州_宁波
10,10.0,284.15625,large,IC19-CAJ-160 N,钦州_宁波
11,12.0,118.25625000000004,large,IC19-CAJ-160 N,钦州_宁波
0,0.0,0.0,small,IC9-RIG-102 S,营口_福清
1,1.0,457.79999999999995,small,IC9-RIG-102 S,营口_福清
0,0.0,0.0,small,IC9-RFF-391 S,营口_福清
1,1.0,457.79999999999995,small,IC9-RFF-391 S,营口_福清
2,3.0,0.0,small,IC9-RFF-391 S,营口_福清
3,4.0,0.0,small,IC9-RFF-391 S,营口_福清
4,5.0,221.60833333333332,small,IC9-RFF-391 S,营口_福清
5,6.0,337.63333333333327,small,IC9-RFF-391 S,营口_福清
0,0.0,0.0,large,IC9-Q55-105 S,营口_福清
1,1.0,0.0,large,IC9-Q55-105 S,营口_福清
2,2.0,91.7,large,IC9-Q55-105 S,营口_福清
3,3.0,260.51666666666665,large,IC9-Q55-105 S,营口_福清
4,5.0,91.69999999999999,large,IC9-Q55-105 S,营口_福清
5,6.0,168.11666666666667,large,IC9-Q55-105 S,营口_福清
0,0.0,0.0,small,IC9-RIU-077 S,营口_福清
1,1.0,457.79999999999995,small,IC9-RIU-077 S,营口_福清
2,2.0,259.40833333333336,small,IC9-RIU-077 S,营口_福清
3,3.0,82.54166666666667,small,IC9-RIU-077 S,营口_福清
4,4.0,92.75,small,IC9-RIU-077 S,营口_福清
5,5.0,315.81666666666666,small,IC9-RIU-077 S,营口_福清
6,6.0,337.63333333333327,small,IC9-RIU-077 S,营口_福清
0,0.0,0.0,small,IC9-QUB-094 S,营口_福清
1,1.0,625.5083333333333,small,IC9-QUB-094 S,营口_福清
2,2.0,608.9416666666667,small,IC9-QUB-094 S,营口_福清
3,3.0,515.4722222222222,small,IC9-QUB-094 S,营口_福清
4,4.0,185.5,small,IC9-QUB-094 S,营口_福清
5,5.0,410.025,small,IC9-QUB-094 S,营口_福清
6,6.0,337.63333333333327,small,IC9-QUB-094 S,营口_福清
0,0.0,0.0,small,IC9-RFF-392 S,营口_福清
1,1.0,625.5083333333333,small,IC9-RFF-392 S,营口_福清
2,2.0,608.9416666666667,small,IC9-RFF-392 S,营口_福清
3,3.0,515.4722222222222,small,IC9-RFF-392 S,营口_福清
4,4.0,353.2083333333333,small,IC9-RFF-392 S,营口_福清
5,5.0,410.025,small,IC9-RFF-392 S,营口_福清
6,6.0,426.00833333333327,small,IC9-RFF-392 S,营口_福清
7,8.0,94.20833333333333,small,IC9-RFF-392 S,营口_福清
0,0.0,0.0,small,IC9-RAC-164 S,营口_福清
1,1.0,625.5083333333333,small,IC9-RAC-164 S,营口_福清
2,2.0,608.9416666666667,small,IC9-RAC-164 S,营口_福清
3,3.0,515.4722222222222,small,IC9-RAC-164 S,营口_福清
4,4.0,353.2083333333333,small,IC9-RAC-164 S,营口_福清
5,5.0,410.025,small,IC9-RAC-164 S,营口_福清
6,6.0,981.8984848484847,small,IC9-RAC-164 S,营口_福清
7,8.0,94.20833333333333,small,IC9-RAC-164 S,营口_福清
0,0.0,0.0,small,IC9-RIP-351 S,营口_福清
1,1.0,625.5083333333333,small,IC9-RIP-351 S,营口_福清
2,2.0,608.9416666666667,small,IC9-RIP-351 S,营口_福清
3,3.0,515.4722222222222,small,IC9-RIP-351 S,营口_福清
4,4.0,353.2083333333333,small,IC9-RIP-351 S,营口_福清
5,5.0,410.025,small,IC9-RIP-351 S,营口_福清
6,6.0,1164.4818181818182,small,IC9-RIP-351 S,营口_福清
7,8.0,94.20833333333333,small,IC9-RIP-351 S,营口_福清
0,0.0,0.0,small,IC9-Q22-109 S,营口_福清
1,1.0,625.5083333333333,small,IC9-Q22-109 S,营口_福清
2,2.0,608.9416666666667,small,IC9-Q22-109 S,营口_福清
3,3.0,515.4722222222222,small,IC9-Q22-109 S,营口_福清
4,4.0,353.2083333333333,small,IC9-Q22-109 S,营口_福清
5,5.0,410.025,small,IC9-Q22-109 S,营口_福清
6,6.0,1164.4818181818182,small,IC9-Q22-109 S,营口_福清
7,7.0,0.0,small,IC9-Q22-109 S,营口_福清
8,8.0,261.9166666666667,small,IC9-Q22-109 S,营口_福清
9,9.0,354.5340909090909,small,IC9-Q22-109 S,营口_福清
10,10.0,82.54166666666667,small,IC9-Q22-109 S,营口_福清
0,0.0,0.0,large,IC9-RZD-217 S,营口_福清
1,1.0,726.8394736842106,large,IC9-RZD-217 S,营口_福清
2,2.0,505.57500000000005,large,IC9-RZD-217 S,营口_福清
3,3.0,260.51666666666665,large,IC9-RZD-217 S,营口_福清
4,5.0,91.69999999999999,large,IC9-RZD-217 S,营口_福清
5,6.0,168.11666666666667,large,IC9-RZD-217 S,营口_福清
0,0.0,0.0,large,IC9-RIU-078 S,营口_福清
1,1.0,924.4728070175438,large,IC9-RIU-078 S,营口_福清
2,2.0,1072.0500000000002,large,IC9-RIU-078 S,营口_福清
3,3.0,260.51666666666665,large,IC9-RIU-078 S,营口_福清
4,5.0,91.69999999999999,large,IC9-RIU-078 S,营口_福清
5,6.0,168.11666666666667,large,IC9-RIU-078 S,营口_福清
0,0.0,0.0,small,IC9-QPE-298 S,营口_福清
1,1.0,625.5083333333333,small,IC9-QPE-298 S,营口_福清
2,2.0,608.9416666666667,small,IC9-QPE-298 S,营口_福清
3,3.0,515.4722222222222,small,IC9-QPE-298 S,营口_福清
4,4.0,511.0989130434783,small,IC9-QPE-298 S,营口_福清
5,5.0,583.2750000000001,small,IC9-QPE-298 S,营口_福清
6,6.0,1164.4818181818182,small,IC9-QPE-298 S,营口_福清
7,7.0,0.0,small,IC9-QPE-298 S,营口_福清
8,8.0,261.9166666666667,small,IC9-QPE-298 S,营口_福清
9,9.0,354.5340909090909,small,IC9-QPE-298 S,营口_福清
10,10.0,82.54166666666667,small,IC9-QPE-298 S,营口_福清
0,0.0,0.0,small,IC9-RAC-165 S,营口_福清
1,1.0,625.5083333333333,small,IC9-RAC-165 S,营口_福清
2,2.0,608.9416666666667,small,IC9-RAC-165 S,营口_福清
3,3.0,877.4305555555555,small,IC9-RAC-165 S,营口_福清
4,4.0,511.0989130434783,small,IC9-RAC-165 S,营口_福清
5,5.0,583.2750000000001,small,IC9-RAC-165 S,营口_福清
6,6.0,1164.4818181818182,small,IC9-RAC-165 S,营口_福清
7,7.0,82.54166666666667,small,IC9-RAC-165 S,营口_福清
8,8.0,261.9166666666667,small,IC9-RAC-165 S,营口_福清
9,9.0,354.5340909090909,small,IC9-RAC-165 S,营口_福清
10,10.0,82.54166666666667,small,IC9-RAC-165 S,营口_福清
0,0.0,103.07499999999996,small,IC9-RIG-104 S,营口_福清
1,1.0,934.7333333333331,small,IC9-RIG-104 S,营口_福清
2,2.0,714.8166666666667,small,IC9-RIG-104 S,营口_福清
3,3.0,877.4305555555555,small,IC9-RIG-104 S,营口_福清
4,4.0,511.0989130434783,small,IC9-RIG-104 S,营口_福清
5,5.0,583.2750000000001,small,IC9-RIG-104 S,营口_福清
6,6.0,1164.4818181818182,small,IC9-RIG-104 S,营口_福清
7,7.0,82.54166666666667,small,IC9-RIG-104 S,营口_福清
8,8.0,261.9166666666667,small,IC9-RIG-104 S,营口_福清
9,9.0,354.5340909090909,small,IC9-RIG-104 S,营口_福清
10,10.0,82.54166666666667,small,IC9-RIG-104 S,营口_福清
0,0.0,215.28888888888886,small,IC9-RFF-393 S,营口_福清
1,1.0,1223.1333333333332,small,IC9-RFF-393 S,营口_福清
2,2.0,1040.4916666666666,small,IC9-RFF-393 S,营口_福清
3,3.0,877.4305555555555,small,IC9-RFF-393 S,营口_福清
4,4.0,511.0989130434783,small,IC9-RFF-393 S,营口_福清
5,5.0,583.2750000000001,small,IC9-RFF-393 S,营口_福清
6,6.0,1164.4818181818182,small,IC9-RFF-393 S,营口_福清
7,7.0,82.54166666666667,small,IC9-RFF-393 S,营口_福清
8,8.0,261.9166666666667,small,IC9-RFF-393 S,营口_福清
9,9.0,354.5340909090909,small,IC9-RFF-393 S,营口_福清
10,10.0,82.54166666666667,small,IC9-RFF-393 S,营口_福清
0,0.0,215.28888888888886,small,IC20-TCR-061 S,营口_福清
1,1.0,1223.1333333333332,small,IC20-TCR-061 S,营口_福清
2,2.0,1040.4916666666666,small,IC20-TCR-061 S,营口_福清
3,3.0,877.4305555555555,small,IC20-TCR-061 S,营口_福清
4,4.0,511.0989130434783,small,IC20-TCR-061 S,营口_福清
5,5.0,583.2750000000001,small,IC20-TCR-061 S,营口_福清
6,6.0,1164.4818181818182,small,IC20-TCR-061 S,营口_福清
7,7.0,373.21666666666664,small,IC20-TCR-061 S,营口_福清
8,8.0,451.3833333333333,small,IC20-TCR-061 S,营口_福清
9,9.0,449.61742424242425,small,IC20-TCR-061 S,营口_福清
10,10.0,82.54166666666667,small,IC20-TCR-061 S,营口_福清
0,0.0,488.81388888888887,small,IC9-Q55-107 S,营口_福清
1,1.0,1223.1333333333332,small,IC9-Q55-107 S,营口_福清
2,2.0,1040.4916666666666,small,IC9-Q55-107 S,营口_福清
3,3.0,877.4305555555555,small,IC9-Q55-107 S,营口_福清
4,4.0,511.0989130434783,small,IC9-Q55-107 S,营口_福清
5,5.0,583.2750000000001,small,IC9-Q55-107 S,营口_福清
6,6.0,1261.3734848484846,small,IC9-Q55-107 S,营口_福清
7,7.0,464.5083333333333,small,IC9-Q55-107 S,营口_福清
8,8.0,451.3833333333333,small,IC9-Q55-107 S,营口_福清
9,9.0,544.7007575757575,small,IC9-Q55-107 S,营口_福清
10,10.0,82.54166666666667,small,IC9-Q55-107 S,营口_福清
0,0.0,488.81388888888887,small,IC9-RZD-218 S,营口_福清
1,1.0,1223.1333333333332,small,IC9-RZD-218 S,营口_福清
2,2.0,1137.3833333333332,small,IC9-RZD-218 S,营口_福清
3,3.0,974.3222222222222,small,IC9-RZD-218 S,营口_福清
4,4.0,708.1489130434783,small,IC9-RZD-218 S,营口_福清
5,5.0,583.2750000000001,small,IC9-RZD-218 S,营口_福清
6,6.0,1261.3734848484846,small,IC9-RZD-218 S,营口_福清
7,7.0,464.5083333333333,small,IC9-RZD-218 S,营口_福清
8,8.0,451.3833333333333,small,IC9-RZD-218 S,营口_福清
9,9.0,544.7007575757575,small,IC9-RZD-218 S,营口_福清
10,10.0,82.54166666666667,small,IC9-RZD-218 S,营口_福清
0,0.0,262.5,small,IC39-TDB-041 N,营口_钦州
0,0.0,0.0,large,IC29-NLY-002 S,营口_钦州
1,1.0,0.0,large,IC29-NLY-002 S,营口_钦州
2,2.0,0.0,large,IC29-NLY-002 S,营口_钦州
3,3.0,0.0,large,IC29-NLY-002 S,营口_钦州
4,4.0,1085.0,large,IC29-NLY-002 S,营口_钦州
5,11.0,192.5,large,IC29-NLY-002 S,营口_钦州
0,0.0,0.0,large,IC29-CAK-165 S,营口_钦州
1,1.0,0.0,large,IC29-CAK-165 S,营口_钦州
2,2.0,0.0,large,IC29-CAK-165 S,营口_钦州
3,3.0,0.0,large,IC29-CAK-165 S,营口_钦州
4,4.0,1085.0,large,IC29-CAK-165 S,营口_钦州
5,5.0,0.0,large,IC29-CAK-165 S,营口_钦州
6,6.0,1726.6666666666667,large,IC29-CAK-165 S,营口_钦州
7,8.0,437.5,large,IC29-CAK-165 S,营口_钦州
8,11.0,192.5,large,IC29-CAK-165 S,营口_钦州
0,0.0,0.0,large,IC29-NLX-002 S,营口_钦州
1,1.0,0.0,large,IC29-NLX-002 S,营口_钦州
2,2.0,0.0,large,IC29-NLX-002 S,营口_钦州
3,3.0,1149.4,large,IC29-NLX-002 S,营口_钦州
4,4.0,1311.3333333333333,large,IC29-NLX-002 S,营口_钦州
5,5.0,0.0,large,IC29-NLX-002 S,营口_钦州
6,6.0,1726.6666666666667,large,IC29-NLX-002 S,营口_钦州
7,8.0,437.5,large,IC29-NLX-002 S,营口_钦州
8,11.0,192.5,large,IC29-NLX-002 S,营口_钦州
0,0.0,0.0,large,IC29-NLW-002 S,营口_钦州
1,1.0,0.0,large,IC29-NLW-002 S,营口_钦州
2,2.0,397.6,large,IC29-NLW-002 S,营口_钦州
3,3.0,2811.4602564102565,large,IC29-NLW-002 S,营口_钦州
4,4.0,1311.3333333333333,large,IC29-NLW-002 S,营口_钦州
5,5.0,0.0,large,IC29-NLW-002 S,营口_钦州
6,6.0,1726.6666666666667,large,IC29-NLW-002 S,营口_钦州
7,8.0,437.5,large,IC29-NLW-002 S,营口_钦州
8,11.0,192.5,large,IC29-NLW-002 S,营口_钦州
0,0.0,0.0,large,IC29-CAI-175 S,营口_钦州
1,1.0,0.0,large,IC29-CAI-175 S,营口_钦州
2,2.0,397.6,large,IC29-CAI-175 S,营口_钦州
3,3.0,2811.4602564102565,large,IC29-CAI-175 S,营口_钦州
4,4.0,1311.3333333333333,large,IC29-CAI-175 S,营口_钦州
5,5.0,0.0,large,IC29-CAI-175 S,营口_钦州
6,6.0,2562.233333333333,large,IC29-CAI-175 S,营口_钦州
7,7.0,1196.937777777778,large,IC29-CAI-175 S,营口_钦州
8,8.0,717.5,large,IC29-CAI-175 S,营口_钦州
9,11.0,192.5,large,IC29-CAI-175 S,营口_钦州
0,0.0,0.0,large,IC29-NLY-003 S,营口_钦州
1,1.0,0.0,large,IC29-NLY-003 S,营口_钦州
2,2.0,397.6,large,IC29-NLY-003 S,营口_钦州
3,3.0,5596.067327117327,large,IC29-NLY-003 S,营口_钦州
4,4.0,1311.3333333333333,large,IC29-NLY-003 S,营口_钦州
5,5.0,0.0,large,IC29-NLY-003 S,营口_钦州
6,6.0,2562.233333333333,large,IC29-NLY-003 S,营口_钦州
7,7.0,2581.5669444444447,large,IC29-NLY-003 S,营口_钦州
8,8.0,717.5,large,IC29-NLY-003 S,营口_钦州
9,11.0,192.5,large,IC29-NLY-003 S,营口_钦州
0,0.0,0.0,large,IC29-NLX-003 S,营口_钦州
1,1.0,0.0,large,IC29-NLX-003 S,营口_钦州
2,2.0,397.6,large,IC29-NLX-003 S,营口_钦州
3,3.0,5811.241979895105,large,IC29-NLX-003 S,营口_钦州
4,4.0,6245.631219373219,large,IC29-NLX-003 S,营口_钦州
5,5.0,0.0,large,IC29-NLX-003 S,营口_钦州
6,6.0,2562.233333333333,large,IC29-NLX-003 S,营口_钦州
7,7.0,2581.5669444444447,large,IC29-NLX-003 S,营口_钦州
8,8.0,717.5,large,IC29-NLX-003 S,营口_钦州
9,9.0,270.6666666666667,large,IC29-NLX-003 S,营口_钦州
10,11.0,192.5,large,IC29-NLX-003 S,营口_钦州
11,12.0,213.5,large,IC29-NLX-003 S,营口_钦州
0,0.0,0.0,large,IC29-CAK-166 S,营口_钦州
1,1.0,0.0,large,IC29-CAK-166 S,营口_钦州
2,2.0,397.6,large,IC29-CAK-166 S,营口_钦州
3,3.0,7402.53642433955,large,IC29-CAK-166 S,营口_钦州
4,4.0,7414.28121937322,large,IC29-CAK-166 S,营口_钦州
5,5.0,267.848717948718,large,IC29-CAK-166 S,营口_钦州
6,6.0,3287.585,large,IC29-CAK-166 S,营口_钦州
7,7.0,2581.5669444444447,large,IC29-CAK-166 S,营口_钦州
8,8.0,717.5,large,IC29-CAK-166 S,营口_钦州
9,9.0,270.6666666666667,large,IC29-CAK-166 S,营口_钦州
10,11.0,192.5,large,IC29-CAK-166 S,营口_钦州
11,12.0,213.5,large,IC29-CAK-166 S,营口_钦州
0,0.0,0.0,small,IC5-R9J-140 N,上海_烟台
1,1.0,0.0,small,IC5-R9J-140 N,上海_烟台
2,2.0,85.35882352941177,small,IC5-R9J-140 N,上海_烟台
3,3.0,113.77058823529414,small,IC5-R9J-140 N,上海_烟台
0,0.0,0.0,small,IC5-R8J-140 N,上海_烟台
1,1.0,0.0,small,IC5-R8J-140 N,上海_烟台
2,2.0,85.35882352941177,small,IC5-R8J-140 N,上海_烟台
3,3.0,113.77058823529414,small,IC5-R8J-140 N,上海_烟台
4,4.0,110.80588235294117,small,IC5-R8J-140 N,上海_烟台
5,6.0,25.447058823529424,small,IC5-R8J-140 N,上海_烟台
0,0.0,0.0,small,IC5-N8A-081 N,上海_烟台
1,1.0,0.0,small,IC5-N8A-081 N,上海_烟台
2,2.0,161.7,small,IC5-N8A-081 N,上海_烟台
3,3.0,224.5764705882353,small,IC5-N8A-081 N,上海_烟台
4,4.0,110.80588235294117,small,IC5-N8A-081 N,上海_烟台
5,6.0,25.447058823529424,small,IC5-N8A-081 N,上海_烟台
0,0.0,0.0,small,IC5-R2K-138 N,上海_烟台
1,1.0,0.0,small,IC5-R2K-138 N,上海_烟台
2,2.0,161.7,small,IC5-R2K-138 N,上海_烟台
3,3.0,224.5764705882353,small,IC5-R2K-138 N,上海_烟台
4,4.0,136.25294117647059,small,IC5-R2K-138 N,上海_烟台
5,6.0,196.16470588235296,small,IC5-R2K-138 N,上海_烟台
0,0.0,0.0,small,IC5-R9J-141 N,上海_烟台
1,1.0,0.0,small,IC5-R9J-141 N,上海_烟台
2,2.0,161.7,small,IC5-R9J-141 N,上海_烟台
3,3.0,224.5764705882353,small,IC5-R9J-141 N,上海_烟台
4,4.0,136.25294117647059,small,IC5-R9J-141 N,上海_烟台
5,5.0,110.80588235294117,small,IC5-R9J-141 N,上海_烟台
6,6.0,196.16470588235296,small,IC5-R9J-141 N,上海_烟台
7,7.0,85.35882352941175,small,IC5-R9J-141 N,上海_烟台
0,0.0,0.0,small,IC5-TNB-225 N,上海_烟台
1,1.0,0.0,small,IC5-TNB-225 N,上海_烟台
2,2.0,161.7,small,IC5-TNB-225 N,上海_烟台
3,3.0,224.5764705882353,small,IC5-TNB-225 N,上海_烟台
4,4.0,136.25294117647059,small,IC5-TNB-225 N,上海_烟台
5,5.0,136.25294117647059,small,IC5-TNB-225 N,上海_烟台
6,6.0,196.16470588235296,small,IC5-TNB-225 N,上海_烟台
7,7.0,85.35882352941175,small,IC5-TNB-225 N,上海_烟台
0,0.0,0.0,small,IC5-N8A-082 N,上海_烟台
1,1.0,25.447058823529414,small,IC5-N8A-082 N,上海_烟台
2,2.0,161.7,small,IC5-N8A-082 N,上海_烟台
3,3.0,224.5764705882353,small,IC5-N8A-082 N,上海_烟台
4,4.0,136.25294117647059,small,IC5-N8A-082 N,上海_烟台
5,5.0,136.25294117647059,small,IC5-N8A-082 N,上海_烟台
6,6.0,196.16470588235296,small,IC5-N8A-082 N,上海_烟台
7,7.0,85.35882352941175,small,IC5-N8A-082 N,上海_烟台
8,9.0,110.80588235294118,small,IC5-N8A-082 N,上海_烟台
0,0.0,0.0,small,IC5-R8J-141 N,上海_烟台
1,1.0,76.34117647058825,small,IC5-R8J-141 N,上海_烟台
2,2.0,161.7,small,IC5-R8J-141 N,上海_烟台
3,3.0,224.5764705882353,small,IC5-R8J-141 N,上海_烟台
4,4.0,136.25294117647059,small,IC5-R8J-141 N,上海_烟台
5,5.0,136.25294117647059,small,IC5-R8J-141 N,上海_烟台
6,6.0,196.16470588235296,small,IC5-R8J-141 N,上海_烟台
7,7.0,85.35882352941175,small,IC5-R8J-141 N,上海_烟台
8,9.0,110.80588235294118,small,IC5-R8J-141 N,上海_烟台
9,11.0,85.35882352941177,small,IC5-R8J-141 N,上海_烟台
0,0.0,0.0,small,IC5-R2K-139 N,上海_烟台
1,1.0,127.23529411764706,small,IC5-R2K-139 N,上海_烟台
2,2.0,187.1470588235294,small,IC5-R2K-139 N,上海_烟台
3,3.0,335.38235294117646,small,IC5-R2K-139 N,上海_烟台
4,4.0,136.25294117647059,small,IC5-R2K-139 N,上海_烟台
5,5.0,136.25294117647059,small,IC5-R2K-139 N,上海_烟台
6,6.0,196.16470588235296,small,IC5-R2K-139 N,上海_烟台
7,7.0,85.35882352941175,small,IC5-R2K-139 N,上海_烟台
8,9.0,110.80588235294118,small,IC5-R2K-139 N,上海_烟台
9,11.0,85.35882352941177,small,IC5-R2K-139 N,上海_烟台
0,0.0,0.0,small,IC5-TNB-226 N,上海_烟台
1,1.0,348.8470588235294,small,IC5-TNB-226 N,上海_烟台
2,2.0,187.1470588235294,small,IC5-TNB-226 N,上海_烟台
3,3.0,335.38235294117646,small,IC5-TNB-226 N,上海_烟台
4,4.0,136.25294117647059,small,IC5-TNB-226 N,上海_烟台
5,5.0,136.25294117647059,small,IC5-TNB-226 N,上海_烟台
6,6.0,196.16470588235296,small,IC5-TNB-226 N,上海_烟台
7,7.0,85.35882352941175,small,IC5-TNB-226 N,上海_烟台
8,9.0,110.80588235294118,small,IC5-TNB-226 N,上海_烟台
9,11.0,85.35882352941177,small,IC5-TNB-226 N,上海_烟台
0,0.0,136.25294117647059,small,IC5-R9J-142 N,上海_烟台
1,1.0,348.8470588235294,small,IC5-R9J-142 N,上海_烟台
2,2.0,187.1470588235294,small,IC5-R9J-142 N,上海_烟台
3,3.0,335.38235294117646,small,IC5-R9J-142 N,上海_烟台
4,4.0,136.25294117647059,small,IC5-R9J-142 N,上海_烟台
5,5.0,136.25294117647059,small,IC5-R9J-142 N,上海_烟台
6,6.0,196.16470588235296,small,IC5-R9J-142 N,上海_烟台
7,7.0,85.35882352941175,small,IC5-R9J-142 N,上海_烟台
8,9.0,110.80588235294118,small,IC5-R9J-142 N,上海_烟台
9,11.0,85.35882352941177,small,IC5-R9J-142 N,上海_烟台
0,0.0,136.25294117647059,small,IC5-N8A-083 N,上海_烟台
1,1.0,535.9941176470588,small,IC5-N8A-083 N,上海_烟台
2,2.0,187.1470588235294,small,IC5-N8A-083 N,上海_烟台
3,3.0,335.38235294117646,small,IC5-N8A-083 N,上海_烟台
4,4.0,136.25294117647059,small,IC5-N8A-083 N,上海_烟台
5,5.0,136.25294117647059,small,IC5-N8A-083 N,上海_烟台
6,6.0,196.16470588235296,small,IC5-N8A-083 N,上海_烟台
7,7.0,85.35882352941175,small,IC5-N8A-083 N,上海_烟台
8,9.0,110.80588235294118,small,IC5-N8A-083 N,上海_烟台
9,11.0,85.35882352941177,small,IC5-N8A-083 N,上海_烟台
0,0.0,136.25294117647059,small,IC5-R8J-142 N,上海_烟台
1,1.0,672.2470588235293,small,IC5-R8J-142 N,上海_烟台
2,2.0,187.1470588235294,small,IC5-R8J-142 N,上海_烟台
3,3.0,360.8294117647059,small,IC5-R8J-142 N,上海_烟台
4,4.0,136.25294117647059,small,IC5-R8J-142 N,上海_烟台
5,5.0,136.25294117647059,small,IC5-R8J-142 N,上海_烟台
6,6.0,196.16470588235296,small,IC5-R8J-142 N,上海_烟台
7,7.0,85.35882352941175,small,IC5-R8J-142 N,上海_烟台
8,9.0,110.80588235294118,small,IC5-R8J-142 N,上海_烟台
9,11.0,85.35882352941177,small,IC5-R8J-142 N,上海_烟台
0,0.0,136.25294117647059,small,IC5-R2K-140 N,上海_烟台
1,1.0,697.6941176470588,small,IC5-R2K-140 N,上海_烟台
2,2.0,187.1470588235294,small,IC5-R2K-140 N,上海_烟台
3,3.0,360.8294117647059,small,IC5-R2K-140 N,上海_烟台
4,4.0,221.61176470588234,small,IC5-R2K-140 N,上海_烟台
5,5.0,221.61176470588234,small,IC5-R2K-140 N,上海_烟台
6,6.0,196.16470588235296,small,IC5-R2K-140 N,上海_烟台
7,7.0,85.35882352941175,small,IC5-R2K-140 N,上海_烟台
8,9.0,110.80588235294118,small,IC5-R2K-140 N,上海_烟台
9,11.0,85.35882352941177,small,IC5-R2K-140 N,上海_烟台
0,0.0,161.70000000000002,small,IC5-N8A-084 N,上海_烟台
1,1.0,697.6941176470588,small,IC5-N8A-084 N,上海_烟台
2,2.0,187.1470588235294,small,IC5-N8A-084 N,上海_烟台
3,3.0,360.8294117647059,small,IC5-N8A-084 N,上海_烟台
4,4.0,221.61176470588234,small,IC5-N8A-084 N,上海_烟台
5,5.0,221.61176470588234,small,IC5-N8A-084 N,上海_烟台
6,6.0,196.16470588235296,small,IC5-N8A-084 N,上海_烟台
7,7.0,85.35882352941175,small,IC5-N8A-084 N,上海_烟台
8,8.0,85.35882352941177,small,IC5-N8A-084 N,上海_烟台
9,9.0,110.80588235294118,small,IC5-N8A-084 N,上海_烟台
10,11.0,85.35882352941177,small,IC5-N8A-084 N,上海_烟台
0,0.0,161.70000000000002,small,IC5-TNB-227 N,上海_烟台
1,1.0,697.6941176470588,small,IC5-TNB-227 N,上海_烟台
2,2.0,353.35588235294114,small,IC5-TNB-227 N,上海_烟台
3,3.0,360.8294117647059,small,IC5-TNB-227 N,上海_烟台
4,4.0,221.61176470588234,small,IC5-TNB-227 N,上海_烟台
5,5.0,221.61176470588234,small,IC5-TNB-227 N,上海_烟台
6,6.0,196.16470588235296,small,IC5-TNB-227 N,上海_烟台
7,7.0,85.35882352941175,small,IC5-TNB-227 N,上海_烟台
8,8.0,85.35882352941177,small,IC5-TNB-227 N,上海_烟台
9,9.0,110.80588235294118,small,IC5-TNB-227 N,上海_烟台
10,11.0,85.35882352941177,small,IC5-TNB-227 N,上海_烟台
0,0.0,161.70000000000002,small,IC5-R9J-143 N,上海_烟台
1,1.0,723.1411764705882,small,IC5-R9J-143 N,上海_烟台
2,2.0,489.60882352941167,small,IC5-R9J-143 N,上海_烟台
3,3.0,360.8294117647059,small,IC5-R9J-143 N,上海_烟台
4,4.0,221.61176470588234,small,IC5-R9J-143 N,上海_烟台
5,5.0,221.61176470588234,small,IC5-R9J-143 N,上海_烟台
6,6.0,196.16470588235296,small,IC5-R9J-143 N,上海_烟台
7,7.0,85.35882352941175,small,IC5-R9J-143 N,上海_烟台
8,8.0,85.35882352941177,small,IC5-R9J-143 N,上海_烟台
9,9.0,110.80588235294118,small,IC5-R9J-143 N,上海_烟台
10,11.0,85.35882352941177,small,IC5-R9J-143 N,上海_烟台
0,0.0,0.0,small,IC9-RIG-103 N,乐从_营口
1,2.0,0.0,small,IC9-RIG-103 N,乐从_营口
2,3.0,0.0,small,IC9-RIG-103 N,乐从_营口
3,4.0,216.1090909090909,small,IC9-RIG-103 N,乐从_营口
4,12.0,147.57272727272724,small,IC9-RIG-103 N,乐从_营口
0,0.0,0.0,small,IC9-RFF-392 N,乐从_营口
1,2.0,0.0,small,IC9-RFF-392 N,乐从_营口
2,3.0,91.92272727272726,small,IC9-RFF-392 N,乐从_营口
3,4.0,332.1818181818182,small,IC9-RFF-392 N,乐从_营口
4,12.0,179.83636363636361,small,IC9-RFF-392 N,乐从_营口
0,0.0,0.0,small,IC9-RIP-351 N,乐从_营口
1,1.0,0.0,small,IC9-RIP-351 N,乐从_营口
2,2.0,0.0,small,IC9-RIP-351 N,乐从_营口
3,3.0,183.84545454545452,small,IC9-RIP-351 N,乐从_营口
4,4.0,332.1818181818182,small,IC9-RIP-351 N,乐从_营口
5,9.0,32.26363636363636,small,IC9-RIP-351 N,乐从_营口
6,12.0,179.83636363636361,small,IC9-RIP-351 N,乐从_营口
0,0.0,0.0,small,IC9-Q22-109 N,乐从_营口
1,1.0,0.0,small,IC9-Q22-109 N,乐从_营口
2,2.0,0.0,small,IC9-Q22-109 N,乐从_营口
3,3.0,183.84545454545452,small,IC9-Q22-109 N,乐从_营口
4,4.0,332.1818181818182,small,IC9-Q22-109 N,乐从_营口
5,5.0,91.92272727272726,small,IC9-Q22-109 N,乐从_营口
6,6.0,183.84545454545452,small,IC9-Q22-109 N,乐从_营口
7,7.0,24.15,small,IC9-Q22-109 N,乐从_营口
8,9.0,32.26363636363636,small,IC9-Q22-109 N,乐从_营口
9,12.0,179.83636363636361,small,IC9-Q22-109 N,乐从_营口
0,0.0,0.0,small,IC9-Q55-106 N,乐从_营口
1,1.0,0.0,small,IC9-Q55-106 N,乐从_营口
2,2.0,0.0,small,IC9-Q55-106 N,乐从_营口
3,3.0,183.84545454545452,small,IC9-Q55-106 N,乐从_营口
4,4.0,332.1818181818182,small,IC9-Q55-106 N,乐从_营口
5,5.0,183.84545454545452,small,IC9-Q55-106 N,乐从_营口
6,6.0,183.84545454545452,small,IC9-Q55-106 N,乐从_营口
7,7.0,116.07272727272725,small,IC9-Q55-106 N,乐从_营口
8,8.0,24.15,small,IC9-Q55-106 N,乐从_营口
9,9.0,32.26363636363636,small,IC9-Q55-106 N,乐从_营口
10,12.0,179.83636363636361,small,IC9-Q55-106 N,乐从_营口
0,0.0,0.0,small,IC9-RZD-217 N,乐从_营口
1,1.0,0.0,small,IC9-RZD-217 N,乐从_营口
2,2.0,0.0,small,IC9-RZD-217 N,乐从_营口
3,3.0,183.84545454545452,small,IC9-RZD-217 N,乐从_营口
4,4.0,332.1818181818182,small,IC9-RZD-217 N,乐从_营口
5,5.0,275.7681818181818,small,IC9-RZD-217 N,乐从_营口
6,6.0,183.84545454545452,small,IC9-RZD-217 N,乐从_营口
7,7.0,116.07272727272725,small,IC9-RZD-217 N,乐从_营口
8,8.0,24.15,small,IC9-RZD-217 N,乐从_营口
9,9.0,32.26363636363636,small,IC9-RZD-217 N,乐从_营口
10,12.0,179.83636363636361,small,IC9-RZD-217 N,乐从_营口
0,0.0,0.0,small,IC9-RIU-078 N,乐从_营口
1,1.0,0.0,small,IC9-RIU-078 N,乐从_营口
2,2.0,0.0,small,IC9-RIU-078 N,乐从_营口
3,3.0,183.84545454545452,small,IC9-RIU-078 N,乐从_营口
4,4.0,332.1818181818182,small,IC9-RIU-078 N,乐从_营口
5,5.0,275.7681818181818,small,IC9-RIU-078 N,乐从_营口
6,6.0,346.45227272727266,small,IC9-RIU-078 N,乐从_营口
7,7.0,116.07272727272725,small,IC9-RIU-078 N,乐从_营口
8,8.0,24.15,small,IC9-RIU-078 N,乐从_营口
9,9.0,32.26363636363636,small,IC9-RIU-078 N,乐从_营口
10,12.0,179.83636363636361,small,IC9-RIU-078 N,乐从_营口
0,0.0,0.0,small,IC9-QUB-095 N,乐从_营口
1,1.0,0.0,small,IC9-QUB-095 N,乐从_营口
2,2.0,0.0,small,IC9-QUB-095 N,乐从_营口
3,3.0,254.52954545454543,small,IC9-QUB-095 N,乐从_营口
4,4.0,424.1045454545454,small,IC9-QUB-095 N,乐从_营口
5,5.0,346.45227272727266,small,IC9-QUB-095 N,乐从_营口
6,6.0,346.45227272727266,small,IC9-QUB-095 N,乐从_营口
7,7.0,140.22272727272727,small,IC9-QUB-095 N,乐从_营口
8,8.0,24.15,small,IC9-QUB-095 N,乐从_营口
9,9.0,32.26363636363636,small,IC9-QUB-095 N,乐从_营口
10,12.0,179.83636363636361,small,IC9-QUB-095 N,乐从_营口
0,0.0,0.0,small,IC9-QPE-298 N,乐从_营口
1,1.0,0.0,small,IC9-QPE-298 N,乐从_营口
2,2.0,70.68409090909091,small,IC9-QPE-298 N,乐从_营口
3,3.0,346.4522727272727,small,IC9-QPE-298 N,乐从_营口
4,4.0,494.7886363636363,small,IC9-QPE-298 N,乐从_营口
5,5.0,346.45227272727266,small,IC9-QPE-298 N,乐从_营口
6,6.0,346.45227272727266,small,IC9-QPE-298 N,乐从_营口
7,7.0,140.22272727272727,small,IC9-QPE-298 N,乐从_营口
8,8.0,24.15,small,IC9-QPE-298 N,乐从_营口
9,9.0,32.26363636363636,small,IC9-QPE-298 N,乐从_营口
10,12.0,179.83636363636361,small,IC9-QPE-298 N,乐从_营口
0,0.0,0.0,small,IC9-RAC-165 N,乐从_营口
1,1.0,0.0,small,IC9-RAC-165 N,乐从_营口
2,2.0,316.9090909090909,small,IC9-RAC-165 N,乐从_营口
3,3.0,346.4522727272727,small,IC9-RAC-165 N,乐从_营口
4,4.0,494.7886363636363,small,IC9-RAC-165 N,乐从_营口
5,5.0,346.45227272727266,small,IC9-RAC-165 N,乐从_营口
6,6.0,346.45227272727266,small,IC9-RAC-165 N,乐从_营口
7,7.0,140.22272727272727,small,IC9-RAC-165 N,乐从_营口
8,8.0,24.15,small,IC9-RAC-165 N,乐从_营口
9,9.0,32.26363636363636,small,IC9-RAC-165 N,乐从_营口
10,12.0,179.83636363636361,small,IC9-RAC-165 N,乐从_营口
0,0.0,0.0,small,IC9-RIP-352 N,乐从_营口
1,1.0,0.0,small,IC9-RIP-352 N,乐从_营口
2,2.0,316.9090909090909,small,IC9-RIP-352 N,乐从_营口
3,3.0,346.4522727272727,small,IC9-RIP-352 N,乐从_营口
4,4.0,494.7886363636363,small,IC9-RIP-352 N,乐从_营口
5,5.0,558.5045454545453,small,IC9-RIP-352 N,乐从_营口
6,6.0,346.45227272727266,small,IC9-RIP-352 N,乐从_营口
7,7.0,140.22272727272727,small,IC9-RIP-352 N,乐从_营口
8,8.0,24.15,small,IC9-RIP-352 N,乐从_营口
9,9.0,32.26363636363636,small,IC9-RIP-352 N,乐从_营口
10,12.0,179.83636363636361,small,IC9-RIP-352 N,乐从_营口
0,0.0,0.0,small,IC9-RIG-104 N,乐从_营口
1,1.0,0.0,small,IC9-RIG-104 N,乐从_营口
2,2.0,316.9090909090909,small,IC9-RIG-104 N,乐从_营口
3,3.0,346.4522727272727,small,IC9-RIG-104 N,乐从_营口
4,4.0,494.7886363636363,small,IC9-RIG-104 N,乐从_营口
5,5.0,770.5568181818181,small,IC9-RIG-104 N,乐从_营口
6,6.0,346.45227272727266,small,IC9-RIG-104 N,乐从_营口
7,7.0,140.22272727272727,small,IC9-RIG-104 N,乐从_营口
8,8.0,24.15,small,IC9-RIG-104 N,乐从_营口
9,9.0,32.26363636363636,small,IC9-RIG-104 N,乐从_营口
10,12.0,179.83636363636361,small,IC9-RIG-104 N,乐从_营口
0,0.0,0.0,small,IC9-RFF-393 N,乐从_营口
1,1.0,0.0,small,IC9-RFF-393 N,乐从_营口
2,2.0,316.9090909090909,small,IC9-RFF-393 N,乐从_营口
3,3.0,346.4522727272727,small,IC9-RFF-393 N,乐从_营口
4,4.0,494.7886363636363,small,IC9-RFF-393 N,乐从_营口
5,5.0,841.2409090909091,small,IC9-RFF-393 N,乐从_营口
6,6.0,346.45227272727266,small,IC9-RFF-393 N,乐从_营口
7,7.0,140.22272727272727,small,IC9-RFF-393 N,乐从_营口
8,8.0,24.15,small,IC9-RFF-393 N,乐从_营口
9,9.0,32.26363636363636,small,IC9-RFF-393 N,乐从_营口
10,12.0,179.83636363636361,small,IC9-RFF-393 N,乐从_营口
0,0.0,0.0,small,IC9-Q55-107 N,乐从_营口
1,1.0,0.0,small,IC9-Q55-107 N,乐从_营口
2,2.0,316.9090909090909,small,IC9-Q55-107 N,乐从_营口
3,3.0,346.4522727272727,small,IC9-Q55-107 N,乐从_营口
4,4.0,494.7886363636363,small,IC9-Q55-107 N,乐从_营口
5,5.0,841.2409090909091,small,IC9-Q55-107 N,乐从_营口
6,6.0,346.45227272727266,small,IC9-Q55-107 N,乐从_营口
7,7.0,140.22272727272727,small,IC9-Q55-107 N,乐从_营口
8,8.0,24.15,small,IC9-Q55-107 N,乐从_营口
9,9.0,66.48409090909091,small,IC9-Q55-107 N,乐从_营口
10,10.0,212.0522727272727,small,IC9-Q55-107 N,乐从_营口
11,11.0,89.20227272727273,small,IC9-Q55-107 N,乐从_营口
12,12.0,179.83636363636361,small,IC9-Q55-107 N,乐从_营口
0,0.0,0.0,small,IC9-Q22-110 N,乐从_营口
1,1.0,0.0,small,IC9-Q22-110 N,乐从_营口
2,2.0,316.9090909090909,small,IC9-Q22-110 N,乐从_营口
3,3.0,346.4522727272727,small,IC9-Q22-110 N,乐从_营口
4,4.0,494.7886363636363,small,IC9-Q22-110 N,乐从_营口
5,5.0,841.2409090909091,small,IC9-Q22-110 N,乐从_营口
6,6.0,346.45227272727266,small,IC9-Q22-110 N,乐从_营口
7,7.0,386.49545454545455,small,IC9-Q22-110 N,乐从_营口
8,8.0,113.35227272727273,small,IC9-Q22-110 N,乐从_营口
9,9.0,66.48409090909091,small,IC9-Q22-110 N,乐从_营口
10,10.0,212.0522727272727,small,IC9-Q22-110 N,乐从_营口
11,11.0,89.20227272727273,small,IC9-Q22-110 N,乐从_营口
12,12.0,179.83636363636361,small,IC9-Q22-110 N,乐从_营口
0,0.0,0.0,small,IC9-RZD-218 N,乐从_营口
1,1.0,0.0,small,IC9-RZD-218 N,乐从_营口
2,2.0,316.9090909090909,small,IC9-RZD-218 N,乐从_营口
3,3.0,346.4522727272727,small,IC9-RZD-218 N,乐从_营口
4,4.0,494.7886363636363,small,IC9-RZD-218 N,乐从_营口
5,5.0,841.2409090909091,small,IC9-RZD-218 N,乐从_营口
6,6.0,451.35681818181814,small,IC9-RZD-218 N,乐从_营口
7,7.0,386.49545454545455,small,IC9-RZD-218 N,乐从_营口
8,8.0,113.35227272727273,small,IC9-RZD-218 N,乐从_营口
9,9.0,66.48409090909091,small,IC9-RZD-218 N,乐从_营口
10,10.0,212.0522727272727,small,IC9-RZD-218 N,乐从_营口
11,11.0,178.40454545454546,small,IC9-RZD-218 N,乐从_营口
12,12.0,179.83636363636361,small,IC9-RZD-218 N,乐从_营口
0,0.0,0.0,small,IC9-QUB-096 N,乐从_营口
1,1.0,0.0,small,IC9-QUB-096 N,乐从_营口
2,2.0,316.9090909090909,small,IC9-QUB-096 N,乐从_营口
3,3.0,346.4522727272727,small,IC9-QUB-096 N,乐从_营口
4,4.0,494.7886363636363,small,IC9-QUB-096 N,乐从_营口
5,5.0,841.2409090909091,small,IC9-QUB-096 N,乐从_营口
6,6.0,540.5590909090909,small,IC9-QUB-096 N,乐从_营口
7,7.0,386.49545454545455,small,IC9-QUB-096 N,乐从_营口
8,8.0,113.35227272727273,small,IC9-QUB-096 N,乐从_营口
9,9.0,226.37045454545452,small,IC9-QUB-096 N,乐从_营口
10,10.0,212.0522727272727,small,IC9-QUB-096 N,乐从_营口
11,11.0,178.40454545454546,small,IC9-QUB-096 N,乐从_营口
12,12.0,179.83636363636361,small,IC9-QUB-096 N,乐从_营口
13,15.0,14.843181818181819,small,IC9-QUB-096 N,乐从_营口
0,0.0,0.0,small,IC9-RIU-079 N,乐从_营口
1,1.0,0.0,small,IC9-RIU-079 N,乐从_营口
2,2.0,316.9090909090909,small,IC9-RIU-079 N,乐从_营口
3,3.0,346.4522727272727,small,IC9-RIU-079 N,乐从_营口
4,4.0,494.7886363636363,small,IC9-RIU-079 N,乐从_营口
5,5.0,841.2409090909091,small,IC9-RIU-079 N,乐从_营口
6,6.0,540.5590909090909,small,IC9-RIU-079 N,乐从_营口
7,7.0,706.2681818181817,small,IC9-RIU-079 N,乐从_营口
8,8.0,113.35227272727273,small,IC9-RIU-079 N,乐从_营口
9,9.0,226.37045454545452,small,IC9-RIU-079 N,乐从_营口
10,10.0,212.0522727272727,small,IC9-RIU-079 N,乐从_营口
11,11.0,178.40454545454546,small,IC9-RIU-079 N,乐从_营口
12,12.0,179.83636363636361,small,IC9-RIU-079 N,乐从_营口
13,15.0,14.843181818181819,small,IC9-RIU-079 N,乐从_营口
0,0.0,0.0,small,IC9-QPE-299 N,乐从_营口
1,1.0,0.0,small,IC9-QPE-299 N,乐从_营口
2,2.0,316.9090909090909,small,IC9-QPE-299 N,乐从_营口
3,3.0,435.6545454545454,small,IC9-QPE-299 N,乐从_营口
4,4.0,494.7886363636363,small,IC9-QPE-299 N,乐从_营口
5,5.0,930.4431818181819,small,IC9-QPE-299 N,乐从_营口
6,6.0,540.5590909090909,small,IC9-QPE-299 N,乐从_营口
7,7.0,721.1113636363635,small,IC9-QPE-299 N,乐从_营口
8,8.0,113.35227272727273,small,IC9-QPE-299 N,乐从_营口
9,9.0,226.37045454545452,small,IC9-QPE-299 N,乐从_营口
10,10.0,212.0522727272727,small,IC9-QPE-299 N,乐从_营口
11,11.0,178.40454545454546,small,IC9-QPE-299 N,乐从_营口
12,12.0,179.83636363636361,small,IC9-QPE-299 N,乐从_营口
13,15.0,14.843181818181819,small,IC9-QPE-299 N,乐从_营口
0,0.0,0.0,small,IC9-RAC-166 N,乐从_营口
1,1.0,0.0,small,IC9-RAC-166 N,乐从_营口
2,2.0,316.9090909090909,small,IC9-RAC-166 N,乐从_营口
3,3.0,539.6999999999999,small,IC9-RAC-166 N,乐从_营口
4,4.0,583.9909090909091,small,IC9-RAC-166 N,乐从_营口
5,5.0,930.4431818181819,small,IC9-RAC-166 N,乐从_营口
6,6.0,540.5590909090909,small,IC9-RAC-166 N,乐从_营口
7,7.0,721.1113636363635,small,IC9-RAC-166 N,乐从_营口
8,8.0,113.35227272727273,small,IC9-RAC-166 N,乐从_营口
9,9.0,226.37045454545452,small,IC9-RAC-166 N,乐从_营口
10,10.0,212.0522727272727,small,IC9-RAC-166 N,乐从_营口
11,11.0,178.40454545454546,small,IC9-RAC-166 N,乐从_营口
12,12.0,179.83636363636361,small,IC9-RAC-166 N,乐从_营口
13,15.0,14.843181818181819,small,IC9-RAC-166 N,乐从_营口
0,0.0,0.0,small,IC9-RIP-353 N,乐从_营口
1,1.0,0.0,small,IC9-RIP-353 N,乐从_营口
2,2.0,316.9090909090909,small,IC9-RIP-353 N,乐从_营口
3,3.0,539.6999999999999,small,IC9-RIP-353 N,乐从_营口
4,4.0,583.9909090909091,small,IC9-RIP-353 N,乐从_营口
5,5.0,1123.6909090909091,small,IC9-RIP-353 N,乐从_营口
6,6.0,630.0,small,IC9-RIP-353 N,乐从_营口
7,7.0,801.0545454545453,small,IC9-RIP-353 N,乐从_营口
8,8.0,113.35227272727273,small,IC9-RIP-353 N,乐从_营口
9,9.0,226.37045454545452,small,IC9-RIP-353 N,乐从_营口
10,10.0,212.0522727272727,small,IC9-RIP-353 N,乐从_营口
11,11.0,178.40454545454546,small,IC9-RIP-353 N,乐从_营口
12,12.0,179.83636363636361,small,IC9-RIP-353 N,乐从_营口
13,15.0,14.843181818181819,small,IC9-RIP-353 N,乐从_营口
0,0.0,0.0,small,IC50-LF2-441 S,乐从_营口
1,1.0,184.08409090909092,small,IC50-LF2-441 S,乐从_营口
2,2.0,316.9090909090909,small,IC50-LF2-441 S,乐从_营口
3,3.0,619.6431818181818,small,IC50-LF2-441 S,乐从_营口
4,4.0,583.9909090909091,small,IC50-LF2-441 S,乐从_营口
5,5.0,1123.6909090909091,small,IC50-LF2-441 S,乐从_营口
6,6.0,630.0,small,IC50-LF2-441 S,乐从_营口
7,7.0,801.0545454545453,small,IC50-LF2-441 S,乐从_营口
8,8.0,113.35227272727273,small,IC50-LF2-441 S,乐从_营口
9,9.0,226.37045454545452,small,IC50-LF2-441 S,乐从_营口
10,10.0,212.0522727272727,small,IC50-LF2-441 S,乐从_营口
11,11.0,178.40454545454546,small,IC50-LF2-441 S,乐从_营口
12,12.0,179.83636363636361,small,IC50-LF2-441 S,乐从_营口
13,15.0,14.843181818181819,small,IC50-LF2-441 S,乐从_营口
